City_ID,City,Country,Date,Lat,Lng,Max Temp,Humidity,Cloudiness,Wind Speed
0,Ilulissat,GL,2021-11-24 02:39:24,69.2167,-51.1,30.22,74,90,14.97
1,Tuktoyaktuk,CA,2021-11-24 02:39:24,69.4541,-133.0374,-5.8,77,75,4.61
2,Hamilton,US,2021-11-24 02:36:46,39.1834,-84.5333,35.78,67,1,0.0
3,Chernyshevskiy,RU,2021-11-24 02:39:25,63.0128,112.4714,-8.0,87,100,3.74
4,Mataura,NZ,2021-11-24 02:39:26,-46.1927,168.8643,63.54,46,100,6.73
5,Dom Pedrito,BR,2021-11-24 02:39:26,-30.9828,-54.6731,57.51,63,2,6.8
6,Kushmurun,KZ,2021-11-24 02:39:26,52.4503,64.6311,16.02,91,100,6.4
7,Geraldton,AU,2021-11-24 02:39:27,-28.7667,114.6,90.01,15,0,12.66
8,Poum,NC,2021-11-24 02:39:28,-20.2333,164.0167,78.89,78,100,5.77
9,Carnarvon,AU,2021-11-24 02:39:29,-24.8667,113.6333,95.07,18,0,16.11
10,East London,ZA,2021-11-24 02:39:29,-33.0153,27.9116,58.62,84,100,11.7
11,Saint-Augustin,CA,2021-11-24 02:39:30,51.226,-58.6502,40.64,98,100,15.37
12,Albany,US,2021-11-24 02:36:23,42.6001,-73.9662,29.08,62,1,3.0
13,Mehamn,NO,2021-11-24 02:39:30,71.0357,27.8492,22.19,76,100,3.09
14,Hilo,US,2021-11-24 02:39:31,19.7297,-155.09,78.53,77,75,8.05
15,Rikitea,PF,2021-11-24 02:39:31,-23.1203,-134.9692,76.86,82,100,12.88
16,Itambacuri,BR,2021-11-24 02:35:56,-18.0311,-41.685,68.59,94,7,1.95
17,Khorinsk,RU,2021-11-24 02:39:32,52.1657,109.7726,12.63,77,97,1.43
18,Punta Arenas,CL,2021-11-24 02:39:32,-53.15,-70.9167,44.71,76,0,12.66
19,Hobyo,SO,2021-11-24 02:39:33,5.3505,48.5268,79.03,78,89,4.03
20,Tuatapere,NZ,2021-11-24 02:39:33,-46.1333,167.6833,61.75,57,100,9.48
21,Pevek,RU,2021-11-24 02:39:34,69.7008,170.3133,-19.62,99,100,3.38
22,Saint Anthony,US,2021-11-24 02:39:35,45.0205,-93.218,49.14,53,1,5.99
23,Ahuimanu,US,2021-11-24 02:39:35,21.4447,-157.8378,83.91,60,75,4.61
24,Mackay,AU,2021-11-24 02:39:35,-21.15,149.2,87.04,74,99,14.97
25,Yamada,JP,2021-11-24 02:39:36,39.4667,141.95,45.19,63,71,6.51
26,Wahiawa,US,2021-11-24 02:39:12,21.5028,-158.0236,80.92,62,75,10.36
27,Jamestown,US,2021-11-24 02:37:20,42.097,-79.2353,33.39,78,1,3.0
28,Faya,SA,2021-11-24 02:39:37,18.3851,42.4509,52.32,33,69,6.73
29,Chuy,UY,2021-11-24 02:39:37,-33.6971,-53.4616,53.15,77,0,4.99
30,Cherskiy,RU,2021-11-24 02:39:38,68.75,161.3,-33.36,100,37,4.54
31,North Adams,US,2021-11-24 02:35:10,42.7009,-73.1087,28.67,46,4,11.65
32,Port Lincoln,AU,2021-11-24 02:39:39,-34.7333,135.8667,69.39,70,66,11.68
33,Alyangula,AU,2021-11-24 02:39:39,-13.8483,136.4192,89.47,58,93,9.22
34,Provideniya,RU,2021-11-24 02:39:40,64.3833,-173.3,8.71,43,0,0.0
35,Kapaa,US,2021-11-24 02:38:06,22.0752,-159.319,82.38,72,1,1.99
36,Vilhena,BR,2021-11-24 02:39:40,-12.7406,-60.1458,70.5,93,53,1.32
37,Letychiv,UA,2021-11-24 02:39:41,49.3826,27.6305,35.28,77,100,8.99
38,San Patricio,US,2021-11-24 02:39:41,28.017,-97.5169,70.83,66,99,8.28
39,Paamiut,GL,2021-11-24 02:39:42,61.994,-49.6678,35.17,91,100,45.54
40,New Norfolk,AU,2021-11-24 02:39:42,-42.7826,147.0587,74.71,49,100,1.99
41,Porto Novo,BJ,2021-11-24 02:39:43,6.4965,2.6036,78.53,86,10,5.86
42,Ciudad Bolivar,VE,2021-11-24 02:39:43,8.1222,-63.5497,81.79,70,100,11.27
43,Mitu,CO,2021-11-24 02:39:44,1.1983,-70.1733,71.33,98,99,1.12
44,Touros,BR,2021-11-24 02:39:44,-5.1989,-35.4608,77.9,79,96,10.92
45,Kindia,GN,2021-11-24 02:39:45,10.0569,-12.8658,69.26,54,19,2.21
46,Campo Alegre,BR,2021-11-24 02:40:45,-9.7819,-36.3508,76.28,88,38,7.25
47,Ushuaia,AR,2021-11-24 02:37:55,-54.8,-68.3,42.46,81,75,10.36
48,Tiksi,RU,2021-11-24 02:40:46,71.6872,128.8694,-20.58,98,43,7.2
49,Granja,BR,2021-11-24 02:40:46,-3.1203,-40.8261,79.02,79,96,5.19
50,Nazareno,MX,2021-11-24 02:40:47,25.3833,-103.4167,63.99,53,40,0.98
51,Vaini,TO,2021-11-24 02:40:47,-21.2,-175.2,82.56,83,75,3.44
52,Bredasdorp,ZA,2021-11-24 02:40:48,-34.5322,20.0403,57.27,85,99,4.79
53,Qaanaaq,GL,2021-11-24 02:40:48,77.484,-69.3632,-6.45,69,34,8.08
54,Kavieng,PG,2021-11-24 02:40:49,-2.5744,150.7967,84.94,72,99,15.68
55,Narsaq,GL,2021-11-24 02:40:49,60.9167,-46.05,32.22,87,100,10.76
56,Castro,BR,2021-11-24 02:40:50,-24.7911,-50.0119,64.33,74,100,7.7
57,Mto Wa Mbu,TZ,2021-11-24 02:40:50,-3.35,35.85,71.02,62,62,1.16
58,Wewak,PG,2021-11-24 02:40:50,-3.5534,143.6268,84.79,73,96,7.16
59,Stettler,CA,2021-11-24 02:40:51,52.3168,-112.7186,6.55,100,99,5.75
60,Torbay,CA,2021-11-24 02:40:51,47.6666,-52.7314,43.57,97,90,29.93
61,Chokurdakh,RU,2021-11-24 02:40:52,70.6333,147.9167,-22.23,98,100,4.18
62,Dawei,MM,2021-11-24 02:40:52,14.0833,98.2,81.75,67,92,9.08
63,Kahului,US,2021-11-24 02:39:07,20.8947,-156.47,84.22,68,40,12.66
64,Kimberley,ZA,2021-11-24 02:40:53,-28.7323,24.7623,51.49,82,25,6.91
65,Weligama,LK,2021-11-24 02:40:53,5.9667,80.4167,78.49,86,100,2.98
66,Khatanga,RU,2021-11-24 02:40:54,71.9667,102.5,-1.57,83,100,13.71
67,Busselton,AU,2021-11-24 02:40:54,-33.65,115.3333,73.8,41,2,6.2
68,Souillac,MU,2021-11-24 02:40:55,-20.5167,57.5167,79.36,94,40,5.75
69,Siyabuswa,ZA,2021-11-24 02:40:55,-25.1132,29.0445,64.65,39,0,4.23
70,Corinto,GR,2021-11-24 02:37:04,37.9407,22.9573,59.68,91,64,5.03
71,Okhotsk,RU,2021-11-24 02:40:56,59.3833,143.3,11.97,73,100,14.67
72,Cape Town,ZA,2021-11-24 02:40:56,-33.9258,18.4232,64.11,64,0,19.57
73,Atuona,PF,2021-11-24 02:40:57,-9.8,-139.0333,77.65,77,51,12.8
74,Mayumba,GA,2021-11-24 02:40:57,-3.432,10.6554,76.24,89,96,3.09
75,Bisauli,IN,2021-11-24 02:40:58,28.3167,78.9333,62.58,54,0,5.01
76,Menongue,AO,2021-11-24 02:40:58,-14.6585,17.691,68.05,59,98,4.5
77,Upernavik,GL,2021-11-24 02:40:58,72.7868,-56.1549,3.31,65,100,7.47
78,Boueni,YT,2021-11-24 02:40:59,-12.9025,45.0761,80.58,74,24,13.2
79,Katsuura,JP,2021-11-24 02:40:59,35.1333,140.3,60.91,59,3,23.91
80,Grindavik,IS,2021-11-24 02:41:00,63.8424,-22.4338,34.27,69,75,34.52
81,Vao,NC,2021-11-24 02:41:00,-22.6667,167.4833,75.52,73,100,8.14
82,Hermanus,ZA,2021-11-24 02:41:01,-34.4187,19.2345,63.9,81,100,8.68
83,Amahai,ID,2021-11-24 02:41:01,-3.3333,128.9167,86.2,66,96,4.43
84,Rohri,PK,2021-11-24 02:41:03,27.6922,68.8951,53.47,87,0,0.0
85,Nola,IT,2021-11-24 02:41:03,40.922,14.5329,59.36,68,100,14.0
86,Mar Del Plata,AR,2021-11-24 02:38:19,-38.0023,-57.5575,65.08,65,0,5.01
87,Barrow,US,2021-11-24 02:41:04,71.2906,-156.7887,3.22,78,90,8.05
88,Jasper,US,2021-11-24 02:41:04,37.2001,-94.3502,56.68,50,1,3.0
89,Saskylakh,RU,2021-11-24 02:41:05,71.9167,114.0833,-18.29,90,49,12.03
90,Stromness,GB,2021-11-24 02:41:05,58.965,-3.296,46.65,88,100,25.99
91,Klaksvik,FO,2021-11-24 02:42:06,62.2266,-6.589,41.92,63,38,30.04
92,Hovd,MN,2021-11-24 02:42:07,48.0056,91.6419,29.52,51,100,6.69
93,Beringovskiy,RU,2021-11-24 02:42:07,63.05,179.3167,-7.67,89,10,5.68
94,Fortuna,US,2021-11-24 02:42:08,40.5982,-124.1573,52.36,71,90,1.01
95,Norman Wells,CA,2021-11-24 02:38:49,65.282,-126.8329,-32.76,68,20,3.44
96,Kamenka,RU,2021-11-24 02:42:08,51.3223,42.7678,15.75,75,51,4.74
97,Mayo,US,2021-11-24 02:42:09,38.8876,-76.5119,38.95,55,1,1.01
98,Cidreira,BR,2021-11-24 02:41:19,-30.1811,-50.2056,64.31,68,0,7.7
99,Luderitz,NA,2021-11-24 02:42:10,-26.6481,15.1594,61.2,72,74,16.6
100,Jumla,NP,2021-11-24 02:42:10,29.2747,82.1838,51.89,20,0,0.31
101,Yulara,AU,2021-11-24 02:42:10,-25.2406,130.9889,73.24,46,75,13.8
102,Tasiilaq,GL,2021-11-24 02:42:11,65.6145,-37.6368,23.16,64,100,3.6
103,Bud,US,2021-11-24 02:39:40,39.447,-86.1758,35.89,64,1,7.94
104,Oroville,US,2021-11-24 02:42:12,39.5138,-121.5564,59.0,64,1,6.91
105,Yellowknife,CA,2021-11-24 02:42:12,62.456,-114.3525,-13.45,70,75,6.91
106,Kaitangata,NZ,2021-11-24 02:42:13,-46.2817,169.8464,62.85,52,100,3.89
107,Waw,SS,2021-11-24 02:42:13,7.7029,27.9953,71.01,34,11,4.72
108,Pisco,PE,2021-11-24 02:42:14,-13.7,-76.2167,64.45,88,0,10.36
109,Saint George,US,2021-11-24 02:42:14,37.1041,-113.5841,57.34,35,1,1.99
110,Georgetown,MY,2021-11-24 02:40:36,5.4112,100.3354,84.13,82,20,1.01
111,Tilichiki,RU,2021-11-24 02:42:15,60.4667,166.1,2.28,91,95,8.86
112,Fairbanks,US,2021-11-24 02:40:47,64.8378,-147.7164,-9.4,65,1,3.44
113,Qazvin,IR,2021-11-24 02:42:16,36.2797,50.0049,33.42,100,0,2.3
114,Lebu,CL,2021-11-24 02:42:16,-37.6167,-73.65,54.86,91,3,13.49
115,Avarua,CK,2021-11-24 02:42:17,-21.2078,-159.775,78.85,65,20,12.66
116,Malakal,SS,2021-11-24 02:42:17,9.5334,31.6605,72.75,30,6,4.65
117,Bathsheba,BB,2021-11-24 02:42:18,13.2167,-59.5167,81.21,78,20,12.66
118,Usinsk,RU,2021-11-24 02:42:18,65.9939,57.5281,16.03,93,100,19.28
119,Sonipat,IN,2021-11-24 02:42:19,28.9833,77.0167,55.4,27,0,4.47
120,Bijapur,IN,2021-11-24 02:42:19,16.8333,75.7,77.18,75,25,11.61
121,Camopi,GF,2021-11-24 02:42:19,3.1655,-52.3158,70.81,98,97,2.59
122,Acari,PE,2021-11-24 02:42:20,-15.4311,-74.6158,68.97,75,100,2.08
123,Auki,SB,2021-11-24 02:42:20,-8.7676,160.7034,84.56,69,77,4.72
124,Buckeburg,DE,2021-11-24 02:42:21,52.2607,9.0494,45.77,95,75,2.3
125,Soligalich,RU,2021-11-24 02:42:21,59.0778,42.2864,21.07,94,99,7.02
126,Beloha,MG,2021-11-24 02:42:22,-25.1667,45.05,72.41,86,73,12.71
127,Sulphur,US,2021-11-24 02:42:22,30.2366,-93.3774,58.98,69,1,5.75
128,Mathbaria,BD,2021-11-24 02:42:23,22.2876,89.9593,78.87,57,4,6.93
129,Evensk,RU,2021-11-24 02:42:23,61.95,159.2333,10.51,72,97,9.53
130,Hay River,CA,2021-11-24 02:42:23,60.8156,-115.7999,-13.02,77,20,3.44
131,Lavrentiya,RU,2021-11-24 02:42:24,65.5833,-171.0,0.66,88,2,7.9
132,Sao Filipe,CV,2021-11-24 02:42:24,14.8961,-24.4956,78.8,73,100,2.08
133,Coihaique,CL,2021-11-24 02:42:25,-45.5752,-72.0662,58.95,51,0,10.36
134,Biak,ID,2021-11-24 02:43:25,-0.9131,122.8766,83.77,72,96,3.24
135,Sibolga,ID,2021-11-24 02:43:26,1.7427,98.7792,84.4,64,100,2.01
136,Ketchikan,US,2021-11-24 02:43:26,55.3422,-131.6461,37.38,87,75,3.44
137,Verkhnyaya Inta,RU,2021-11-24 02:43:27,65.9811,60.3094,16.2,95,100,17.36
138,Balaipungut,ID,2021-11-24 02:43:27,1.05,101.2833,79.21,78,100,1.99
139,Lata,PT,2021-11-24 02:43:27,40.1629,-8.3327,48.81,89,77,2.91
140,Isangel,VU,2021-11-24 02:43:28,-19.55,169.2667,80.71,83,90,5.75
141,Marsh Harbour,BS,2021-11-24 02:43:28,26.5412,-77.0636,70.34,67,100,23.76
142,Mahebourg,MU,2021-11-24 02:43:29,-20.4081,57.7,79.25,94,40,5.75
143,Husavik,IS,2021-11-24 02:43:29,66.0449,-17.3389,31.91,83,100,35.66
144,Gwanda,ZW,2021-11-24 02:43:30,-20.9333,29.0,69.84,63,28,2.95
145,Thompson,CA,2021-11-24 02:42:15,55.7435,-97.8558,-3.84,71,75,8.05
146,San Cristobal,VE,2021-11-24 02:43:30,7.7669,-72.225,68.18,94,70,1.41
147,Hirara,JP,2021-11-24 02:39:15,24.8,125.2833,70.07,60,75,12.66
148,Novo Aripuana,BR,2021-11-24 02:43:31,-5.1206,-60.3797,75.65,82,96,1.32
149,Shahr-E Babak,IR,2021-11-24 02:43:31,30.1165,55.1186,46.54,54,0,3.04
150,Pomabamba,PE,2021-11-24 02:43:32,-8.8333,-77.4667,51.46,90,100,0.92
151,Khatra,IN,2021-11-24 02:43:32,22.9833,86.85,72.93,31,0,5.3
152,Hobart,AU,2021-11-24 02:43:00,-42.8794,147.3294,75.06,60,75,10.36
153,Ribeira Grande,PT,2021-11-24 02:43:33,38.5167,-28.7,67.37,84,77,20.8
154,Visnes,NO,2021-11-24 02:43:33,59.3556,5.2242,49.57,87,75,20.71
155,Airai,TL,2021-11-24 02:43:34,-8.9266,125.4092,76.32,55,51,1.99
156,Bambous Virieux,MU,2021-11-24 02:43:34,-20.3428,57.7575,79.21,94,40,5.75
157,Roma,US,2021-11-24 02:41:31,43.2128,-75.4557,28.26,84,1,0.0
158,Orotukan,RU,2021-11-24 02:43:35,62.2667,151.7,-16.69,97,36,2.51
159,Mingaora,PK,2021-11-24 02:43:35,34.7758,72.3625,56.37,25,77,5.37
160,Tefe,BR,2021-11-24 02:43:36,-3.3542,-64.7114,73.8,97,71,1.97
161,Bluff,NZ,2021-11-24 02:43:36,-46.6,168.3333,57.92,70,100,13.51
162,Coquimbo,CL,2021-11-24 02:43:16,-29.9533,-71.3436,56.93,88,40,5.75
163,Lazaro Cardenas,MX,2021-11-24 02:43:37,17.9583,-102.2,77.47,84,38,4.72
164,Stykkisholmur,IS,2021-11-24 02:43:37,65.0757,-22.7297,31.89,70,79,28.45
165,Bengkulu,ID,2021-11-24 02:43:38,-3.8004,102.2655,78.73,74,100,1.74
166,Ardakan,IR,2021-11-24 02:43:38,32.31,54.0175,48.58,63,0,3.87
167,Zarubino,RU,2021-11-24 02:43:38,42.63,131.0922,27.05,46,23,28.34
168,Kruisfontein,ZA,2021-11-24 02:43:39,-34.0033,24.7314,53.89,78,67,3.91
169,Kodiak,US,2021-11-24 02:39:17,57.79,-152.4072,11.71,57,1,9.22
170,Tay Ninh,VN,2021-11-24 02:43:40,11.3,106.1,82.17,68,100,9.28
171,Manokwari,ID,2021-11-24 02:43:40,-0.8667,134.0833,81.27,81,100,14.0
172,Chalmette,US,2021-11-24 02:43:40,29.9427,-89.9634,57.2,66,1,1.01
173,Gaoyou,CN,2021-11-24 02:43:41,32.7858,119.4278,53.96,36,0,11.5
174,Russell,US,2021-11-24 02:43:41,32.3502,-85.1999,42.4,64,1,0.0
175,Bangassou,CF,2021-11-24 02:43:42,4.7413,22.8184,64.22,67,82,2.17
176,Hithadhoo,MV,2021-11-24 02:43:42,-0.6,73.0833,82.04,76,91,17.74
177,Sompeta,IN,2021-11-24 02:43:43,18.9333,84.6,79.86,79,16,4.83
178,Waverly,US,2021-11-24 02:43:43,42.7392,-84.6208,33.93,71,1,12.66
179,Dikson,RU,2021-11-24 02:43:44,73.5069,80.5464,5.83,92,100,10.42
180,Port Alfred,ZA,2021-11-24 02:43:44,-33.5906,26.891,61.14,76,86,13.27
181,Ozieri,IT,2021-11-24 02:43:45,40.586,9.0012,51.24,95,84,5.1
182,Copperas Cove,US,2021-11-24 02:43:45,31.1241,-97.9031,59.76,50,1,8.05
183,Puerto Ayora,EC,2021-11-24 02:44:46,-0.7393,-90.3518,68.99,81,13,6.89
184,Lerwick,GB,2021-11-24 02:44:46,60.1545,-1.1494,46.4,81,100,23.6
185,Saint-Denis,FR,2021-11-24 02:44:47,48.9167,2.3333,40.14,96,20,3.0
186,Platanos,GR,2021-11-24 02:44:47,37.6667,21.6167,57.07,83,18,4.43
187,Codrington,AU,2021-11-24 02:44:47,-38.2667,141.9667,67.6,72,75,11.34
188,Goure,NE,2021-11-24 02:44:48,13.9835,10.2704,78.03,18,1,8.52
189,Boende,CD,2021-11-24 02:44:48,-0.2167,20.8667,70.16,99,97,1.25
190,Port Blair,IN,2021-11-24 02:43:31,11.6667,92.75,83.62,79,82,13.91
191,Port Elizabeth,ZA,2021-11-24 02:40:16,-33.918,25.5701,57.49,88,0,2.3
192,Te Anau,NZ,2021-11-24 02:44:49,-45.4167,167.7167,68.18,39,97,2.86
193,Ust-Kulom,RU,2021-11-24 02:44:50,61.6864,53.6902,14.31,94,100,7.49
194,El Carmen,CO,2021-11-24 02:44:50,8.5106,-73.4478,67.77,100,100,2.26
195,Espumoso,BR,2021-11-24 02:44:50,-28.7247,-52.8497,62.13,72,26,8.88
196,Llanes,ES,2021-11-24 02:44:51,43.4198,-4.7549,55.89,92,100,7.31
197,Bethel,US,2021-11-24 02:44:51,41.3712,-73.414,34.38,56,1,1.01
198,Nikolskoye,RU,2021-11-24 02:44:52,59.7035,30.7861,31.87,87,100,13.35
199,Clyde River,CA,2021-11-24 02:44:52,70.4692,-68.5914,17.83,93,100,26.46
200,Mana,GF,2021-11-24 02:44:53,5.6592,-53.7767,78.44,89,98,9.17
201,Seddon,AU,2021-11-24 02:44:53,-37.8068,144.8916,82.35,58,90,3.44
202,Broome,US,2021-11-24 02:44:53,42.2506,-75.833,27.66,79,1,1.01
203,Parana,AR,2021-11-24 02:44:54,-31.732,-60.5238,73.51,64,3,7.81
204,Sorland,NO,2021-11-24 02:44:54,67.667,12.6934,35.13,68,100,27.02
205,Acapulco,MX,2021-11-24 02:41:44,16.8634,-99.8901,82.22,78,40,8.05
206,Newport,GB,2021-11-24 02:42:00,51.5877,-2.9984,47.44,85,99,3.24
207,Avera,US,2021-11-24 02:44:55,33.194,-82.5271,38.71,34,0,3.91
208,Jalu,LY,2021-11-24 02:44:56,29.0331,21.5482,65.57,32,100,6.31
209,Doka,SD,2021-11-24 02:44:56,13.5167,35.7667,72.77,55,30,9.17
210,Cabo San Lucas,MX,2021-11-24 02:43:33,22.8909,-109.9124,76.51,76,20,4.0
211,Butaritari,KI,2021-11-24 02:44:57,3.0707,172.7902,82.18,70,100,12.95
212,New Richmond,US,2021-11-24 02:44:36,45.123,-92.5366,47.82,69,98,15.95
213,Roald,NO,2021-11-24 02:44:58,62.5833,6.1333,48.34,81,90,19.57
214,Hutchinson,US,2021-11-24 02:43:27,38.0608,-97.9298,59.31,39,77,8.01
215,Prince Rupert,CA,2021-11-24 02:44:58,54.3161,-130.3201,40.69,78,75,6.91
216,Banjar,ID,2021-11-24 02:44:59,-8.19,114.9675,85.86,75,93,2.17
217,Jijiga,ET,2021-11-24 02:44:59,9.35,42.8,58.64,27,75,10.96
218,Arraial Do Cabo,BR,2021-11-24 02:43:34,-22.9661,-42.0278,71.65,89,50,8.16
219,Los Llanos De Aridane,ES,2021-11-24 02:45:00,28.6585,-17.9182,64.15,82,0,4.0
220,College,US,2021-11-24 02:45:00,64.8569,-147.8028,-9.42,64,20,5.75
221,Aswan,EG,2021-11-24 02:45:01,24.0934,32.907,60.1,44,0,4.61
222,Laguna,US,2021-11-24 02:45:01,38.421,-121.4238,57.96,70,1,6.91
223,Esperance,AU,2021-11-24 02:43:46,-33.8667,121.9,66.04,56,1,9.64
224,Ananindeua,BR,2021-11-24 02:45:02,-1.3656,-48.3722,76.91,94,0,3.44
225,Pangody,RU,2021-11-24 02:45:02,65.85,74.4859,7.59,96,99,8.63
226,Sulecin,PL,2021-11-24 02:45:03,52.4443,15.1168,44.08,85,100,9.84
227,Chillicothe,US,2021-11-24 02:45:03,39.3331,-82.9824,31.51,71,1,0.0
228,Koutselion,GR,2021-11-24 02:45:04,39.5889,20.9142,45.52,100,28,1.14
229,Gunjur,GM,2021-11-24 02:46:04,13.2019,-16.7339,77.07,100,0,0.0
230,Nanortalik,GL,2021-11-24 02:46:05,60.1432,-45.2371,35.89,90,100,13.22
231,Marawi,PH,2021-11-24 02:46:05,7.9986,124.2928,74.64,64,90,4.76
232,Haines Junction,CA,2021-11-24 02:44:05,60.7522,-137.5108,-11.25,77,100,3.44
233,Strathmore,CA,2021-11-24 02:45:04,51.0501,-113.3852,28.58,80,100,6.91
234,Ahipara,NZ,2021-11-24 02:46:06,-35.1667,173.1667,63.0,84,69,2.21
235,Chingirlau,KZ,2021-11-24 02:46:07,51.095,54.0814,20.37,85,100,7.96
236,Petropavlovsk-Kamchatskiy,RU,2021-11-24 02:43:34,53.0452,158.6483,39.79,75,75,11.18
237,Chapais,CA,2021-11-24 02:46:07,49.7834,-74.8492,13.78,99,69,2.35
238,Bamako,ML,2021-11-24 02:43:00,12.65,-8.0,75.61,41,0,8.05
239,Belmonte,BR,2021-11-24 02:46:08,-15.8631,-38.8828,73.9,91,13,4.21
240,Shaunavon,CA,2021-11-24 02:43:10,49.6501,-108.4181,26.38,87,100,21.12
241,Sao Felix Do Xingu,BR,2021-11-24 02:46:09,-6.6447,-51.995,73.49,93,100,2.71
242,Beira,MZ,2021-11-24 02:46:09,-19.8436,34.8389,77.09,94,20,0.0
243,Sabha,LY,2021-11-24 02:46:10,27.0377,14.4283,65.43,32,100,3.62
244,Egvekinot,RU,2021-11-24 02:46:10,66.3167,-179.1667,-4.9,66,17,6.4
245,Hasaki,JP,2021-11-24 02:46:11,35.7333,140.8333,63.28,36,0,13.67
246,Saint-Philippe,RE,2021-11-24 02:46:11,-21.3585,55.7679,76.59,65,27,7.65
247,Tura,IN,2021-11-24 02:46:11,25.5198,90.2201,71.33,47,0,0.87
248,Goderich,CA,2021-11-24 02:46:12,43.7501,-81.7165,32.32,59,10,6.91
249,Ilmajoki,FI,2021-11-24 02:46:12,62.7333,22.5667,38.79,61,90,14.97
250,Saint-Georges,GD,2021-11-24 02:45:22,12.0564,-61.7485,80.28,83,20,11.5
251,Nome,US,2021-11-24 02:46:13,64.5011,-165.4064,8.67,61,1,16.11
252,Derbent,RU,2021-11-24 02:46:13,42.0678,48.2899,50.25,60,5,6.49
253,Sri Aman,MY,2021-11-24 02:46:14,1.2376,111.4621,80.65,89,20,3.44
254,Marsala,IT,2021-11-24 02:46:14,37.7966,12.4352,58.93,88,75,5.75
255,Papara,BR,2021-11-24 02:46:15,-3.9839,-38.7273,81.0,89,73,3.76
256,Kinkala,CG,2021-11-24 02:46:15,-4.3614,14.7644,73.71,98,100,3.76
257,Dunedin,NZ,2021-11-24 02:46:16,-45.8742,170.5036,59.45,66,100,7.65
258,Salalah,OM,2021-11-24 02:43:15,17.0151,54.0924,82.49,28,0,8.05
259,Japura,ID,2021-11-24 02:46:17,-0.3167,102.35,85.57,69,99,1.48
260,Nicoya,CR,2021-11-24 02:46:17,10.1483,-85.452,74.75,81,66,6.22
261,Kawalu,ID,2021-11-24 02:46:17,-7.3817,108.2082,84.94,64,100,1.79
262,Izhmorskiy,RU,2021-11-24 02:46:18,56.194,86.6414,23.16,90,92,13.65
263,Batangafo,CF,2021-11-24 02:46:19,7.3008,18.2833,70.12,41,6,1.63
264,Port Macquarie,AU,2021-11-24 02:45:15,-31.4333,152.9167,75.16,78,100,14.47
265,Torbat-E Jam,IR,2021-11-24 02:46:05,35.244,60.6225,49.5,55,100,0.72
266,Richards Bay,ZA,2021-11-24 02:46:19,-28.783,32.0377,65.84,68,100,13.67
267,Longyearbyen,SJ,2021-11-24 02:46:20,78.2186,15.6401,8.44,61,0,16.11
268,Hudson Bay,CA,2021-11-24 02:46:20,52.85,-102.3842,13.91,86,82,9.66
269,Bara,NG,2021-11-24 02:46:21,10.3744,10.7288,74.32,29,96,5.84
270,Lagoa,PT,2021-11-24 02:46:21,39.05,-27.9833,65.64,86,87,22.12
271,Namibe,AO,2021-11-24 02:46:21,-15.1961,12.1522,68.83,72,3,5.68
272,Kloulklubed,PW,2021-11-24 02:46:22,7.0419,134.2556,88.3,76,70,15.68
273,Port-Cartier,CA,2021-11-24 02:46:22,50.0334,-66.8654,28.74,61,74,13.29
274,Yabelo,ET,2021-11-24 02:47:23,4.8833,38.0833,59.09,56,73,5.93
275,Solton,RU,2021-11-24 02:47:24,52.8429,86.4787,24.39,89,47,10.63
276,Ust-Karsk,RU,2021-11-24 02:47:24,52.7011,118.8077,6.04,61,48,1.77
277,Sakakah,SA,2021-11-24 02:47:24,29.9697,40.2064,51.37,60,4,5.68
278,Huntsville,US,2021-11-24 02:44:48,34.7304,-86.5861,40.95,72,1,1.01
279,Oranjestad,AW,2021-11-24 02:47:25,12.524,-70.027,80.55,78,20,11.5
280,Aykhal,RU,2021-11-24 02:47:25,66.0,111.5,-11.51,93,100,8.72
281,Terrace,CA,2021-11-24 02:47:26,54.5163,-128.6035,37.31,93,75,10.36
282,Muros,ES,2021-11-24 02:47:26,42.7762,-9.0603,51.85,71,10,13.89
283,Taltal,CL,2021-11-24 02:47:27,-25.4,-70.4833,60.1,82,42,1.77
284,Papetoai,PF,2021-11-24 02:47:27,-17.4961,-149.8729,83.79,70,61,3.36
285,Diamantino,BR,2021-11-24 02:47:27,-14.4086,-56.4461,74.64,90,93,2.84
286,Bonthe,SL,2021-11-24 02:47:28,7.5264,-12.505,79.03,81,20,3.49
287,Yanam,IN,2021-11-24 02:47:28,16.7333,82.2167,81.0,76,34,7.63
288,Fare,PF,2021-11-24 02:47:29,-16.7,-151.0167,81.1,70,35,2.17
289,Tautira,PF,2021-11-24 02:47:29,-17.7333,-149.15,84.22,72,51,6.06
290,Port Hardy,CA,2021-11-24 02:47:30,50.6996,-127.4199,42.8,93,75,2.3
291,Shingu,JP,2021-11-24 02:47:30,33.7333,135.9833,56.39,51,7,13.67
292,Saint-Paul,RE,2021-11-24 02:42:45,-21.0096,55.2707,77.11,81,54,1.99
293,Bundaberg,AU,2021-11-24 02:47:31,-24.85,152.35,86.22,64,90,5.99
294,Glenwood Springs,US,2021-11-24 02:47:31,39.5505,-107.3248,48.0,62,90,9.22
295,Ostrovnoy,RU,2021-11-24 02:47:32,68.0531,39.5131,29.73,69,100,18.48
296,Gimli,CA,2021-11-24 02:47:32,50.6336,-96.9907,28.42,80,99,8.05
297,Constitucion,CL,2021-11-24 02:47:33,-35.3333,-72.4167,55.53,88,65,10.36
298,Bratsk,RU,2021-11-24 02:47:33,56.1325,101.6142,23.49,84,100,7.63
299,Parichhatgarh,IN,2021-11-24 02:47:34,28.9833,77.9333,62.17,42,0,4.36
300,Luwuk,ID,2021-11-24 02:47:34,-0.9516,122.7875,86.23,73,91,3.24
301,Hofn,IS,2021-11-24 02:47:35,64.2539,-15.2082,37.17,60,31,19.69
302,Portland,US,2021-11-24 02:44:44,45.5234,-122.6762,45.75,90,20,0.0
303,Sohag,EG,2021-11-24 02:47:36,26.557,31.6948,59.29,51,52,6.51
304,Omboue,GA,2021-11-24 02:47:36,-1.5746,9.2618,73.85,91,100,2.26
305,Saint-Francois,FR,2021-11-24 02:43:56,46.4154,3.9054,29.68,91,3,2.3
306,Aklavik,CA,2021-11-24 02:45:27,68.2191,-135.0107,-12.17,99,100,3.58
307,Urusha,RU,2021-11-24 02:47:37,54.05,122.9,8.89,60,85,4.5
308,Guerrero Negro,MX,2021-11-24 02:47:37,27.9769,-114.0611,65.32,80,100,12.3
309,Berlevag,NO,2021-11-24 02:47:38,70.8578,29.0864,23.88,75,100,2.62
310,Hualmay,PE,2021-11-24 02:47:39,-11.0964,-77.6139,66.31,83,100,7.45
311,Pacifica,US,2021-11-24 02:44:49,37.6138,-122.4869,59.65,79,40,1.99
312,Seoul,KR,2021-11-24 02:47:39,37.5683,126.9778,45.84,57,20,9.22
313,Barentu,ER,2021-11-24 02:47:40,15.1139,37.5928,66.49,74,34,5.06
314,Kayerkan,RU,2021-11-24 02:47:40,69.3497,87.7602,7.79,90,96,12.62
315,Maniitsoq,GL,2021-11-24 02:47:41,65.4167,-52.9,33.03,97,100,49.15
316,Rexburg,US,2021-11-24 02:47:28,43.826,-111.7897,35.11,75,90,13.8
317,Kaeo,NZ,2021-11-24 02:47:41,-35.1,173.7833,69.33,74,61,5.75
318,Ukiah,US,2021-11-24 02:47:42,39.1502,-123.2078,54.64,70,1,0.0
319,Northam,GB,2021-11-24 02:47:42,51.0333,-4.2167,46.62,85,78,0.96
320,Gat,IL,2021-11-24 02:48:42,31.61,34.7642,63.39,66,100,2.8
321,Denpasar,ID,2021-11-24 02:48:43,-8.65,115.2167,85.71,74,20,9.22
322,Polyarnyy,RU,2021-11-24 02:48:44,69.1989,33.4478,5.47,69,100,6.69
323,Dalbandin,PK,2021-11-24 02:48:44,28.8947,64.4101,59.34,27,0,3.36
324,Belyy Yar,RU,2021-11-24 02:48:44,53.6039,91.3903,31.89,86,40,8.95
325,Saldanha,ZA,2021-11-24 02:48:45,-33.0117,17.9442,60.85,77,98,14.29
326,Comodoro Rivadavia,AR,2021-11-24 02:44:38,-45.8667,-67.5,66.06,19,0,5.75
327,Cayenne,GF,2021-11-24 02:48:46,4.9333,-52.3333,81.09,84,20,4.0
328,Mwense,ZM,2021-11-24 02:48:46,-10.3845,28.698,66.6,94,100,1.28
329,Mumbwa,ZM,2021-11-24 02:48:46,-14.9783,27.0619,68.22,78,79,1.45
330,Mawlaik,MM,2021-11-24 02:48:47,23.6333,94.4167,74.16,58,0,2.62
331,Singkang,MY,2021-11-24 02:48:47,2.1006,102.7994,78.69,69,100,1.41
332,Carupano,VE,2021-11-24 02:48:48,10.6678,-63.2585,76.73,90,100,5.35
333,Dubti,ET,2021-11-24 02:48:48,11.7361,41.0853,77.05,62,44,2.73
334,Verkhnevilyuysk,RU,2021-11-24 02:48:49,63.4453,120.3167,-16.74,91,8,3.29
335,Tessalit,ML,2021-11-24 02:48:49,20.1986,1.0114,72.91,34,68,8.55
336,Monteagudo,BO,2021-11-24 02:48:50,-19.8167,-63.9833,66.72,99,100,0.85
337,Faanui,PF,2021-11-24 02:48:50,-16.4833,-151.75,81.32,69,53,3.44
338,Swan River,CA,2021-11-24 02:48:51,52.1058,-101.2676,22.89,86,100,10.36
339,San Rafael Del Sur,NI,2021-11-24 02:48:51,11.8485,-86.4384,77.97,67,78,13.78
340,Ponta Do Sol,PT,2021-11-24 02:48:52,32.6667,-17.1,69.01,80,100,7.0
341,Ust-Omchug,RU,2021-11-24 02:48:52,61.15,149.6333,-12.66,96,50,3.53
342,Balgazyn,RU,2021-11-24 02:48:53,51.0,95.2,16.54,83,100,2.82
343,Khartoum,SD,2021-11-24 02:48:53,15.5518,32.5324,71.02,31,36,1.01
344,Henties Bay,NA,2021-11-24 02:48:53,-22.116,14.2845,55.85,93,46,5.23
345,Olafsvik,IS,2021-11-24 02:48:54,64.8945,-23.7142,33.1,66,49,17.27
346,Moa,CU,2021-11-24 02:48:54,20.6569,-74.9403,75.22,86,13,2.89
347,Mao,ES,2021-11-24 02:48:55,39.8885,4.2658,54.16,94,40,9.22
348,Mamallapuram,IN,2021-11-24 02:48:56,12.6264,80.1722,84.06,71,50,10.47
349,Springdale,US,2021-11-24 02:47:41,36.1867,-94.1288,53.78,60,1,8.01
350,Daru,PG,2021-11-24 02:48:56,-9.0763,143.2092,87.78,62,13,7.76
351,Karasburg,NA,2021-11-24 02:48:57,-28.0167,18.75,62.06,54,50,4.54
352,Grand Gaube,MU,2021-11-24 02:48:57,-20.0064,57.6608,79.38,72,17,3.0
353,Kyshtovka,RU,2021-11-24 02:48:57,56.555,76.6271,16.68,92,100,13.96
354,Bandundu,CD,2021-11-24 02:48:58,-3.3167,17.3667,70.38,98,48,1.57
355,Eureka,US,2021-11-24 02:48:58,40.8021,-124.1637,52.93,75,30,10.0
356,Elat,IL,2021-11-24 02:48:59,29.5581,34.9482,60.64,63,100,11.5
357,Atambua,ID,2021-11-24 02:46:45,-9.1061,124.8925,85.75,60,21,3.47
358,Whitehorse,CA,2021-11-24 02:48:59,60.7161,-135.0538,9.37,85,40,12.66
359,Massakory,TD,2021-11-24 02:49:00,12.996,15.7293,77.25,18,100,9.86
360,Catuday,PH,2021-11-24 02:49:00,16.2923,119.8062,83.35,65,46,7.49
361,Zavallya,UA,2021-11-24 02:49:01,48.2135,30.0156,36.28,72,100,8.75
362,Dingle,PH,2021-11-24 02:49:01,10.9995,122.6711,82.85,82,100,15.01
363,Honningsvag,NO,2021-11-24 02:49:02,70.9821,25.9704,25.18,75,99,7.34
364,Lishui,CN,2021-11-24 02:49:02,28.4604,119.9103,56.97,52,96,0.94
365,Margate,GB,2021-11-24 02:49:03,51.3813,1.3862,44.69,90,5,1.01
366,Shahreza,IR,2021-11-24 02:50:03,32.0339,51.8794,43.54,69,0,3.83
367,Mount Isa,AU,2021-11-24 02:50:03,-20.7333,139.5,83.97,39,75,8.05
368,Uige,AO,2021-11-24 02:50:04,-7.6087,15.0613,65.77,100,97,0.74
369,Peniche,PT,2021-11-24 02:50:04,39.3558,-9.3811,56.62,71,100,15.59
370,Lompoc,US,2021-11-24 02:50:05,34.6391,-120.4579,59.11,85,1,9.22
371,San Quintin,MX,2021-11-24 02:46:47,30.4833,-115.95,62.19,84,8,5.44
372,Atar,MR,2021-11-24 02:50:05,20.5169,-13.0499,78.06,37,59,6.42
373,Korla,CN,2021-11-24 02:45:10,41.7597,86.1469,30.16,52,6,3.67
374,Kaihua,CN,2021-11-24 02:50:06,23.3687,104.28,47.75,87,100,1.83
375,Palasa,IN,2021-11-24 02:50:07,18.7667,84.4167,79.9,78,16,4.21
376,Ryotsu,JP,2021-11-24 02:50:07,38.0833,138.4333,46.36,66,85,31.32
377,Alekseyevsk,RU,2021-11-24 02:50:07,57.8406,108.3492,15.21,97,91,2.17
378,Alice Springs,AU,2021-11-24 02:50:08,-23.7,133.8833,72.95,60,90,12.66
379,Iranduba,BR,2021-11-24 02:50:08,-3.2847,-60.1861,79.09,85,70,0.31
380,Rafaela,AR,2021-11-24 02:50:09,-31.2503,-61.4867,73.98,30,2,6.91
381,Vardo,NO,2021-11-24 02:50:09,70.3705,31.1107,27.9,80,100,9.89
382,Kpandae,GH,2021-11-24 02:50:10,8.4689,-0.0113,77.36,77,98,4.92
383,Puri,IN,2021-11-24 02:50:10,19.8,85.85,79.38,75,7,7.54
384,Padang,ID,2021-11-24 02:45:25,-0.9492,100.3543,86.05,57,100,2.17
385,Ust-Nera,RU,2021-11-24 02:50:11,64.5667,143.2,-15.48,95,95,4.14
386,Ponta Delgada,PT,2021-11-24 02:50:11,37.7333,-25.6667,68.5,94,40,12.66
387,Maragogi,BR,2021-11-24 02:46:39,-9.0122,-35.2225,78.01,80,18,9.1
388,Srednekolymsk,RU,2021-11-24 02:46:42,67.45,153.6833,-14.17,93,100,0.96
389,Waipawa,NZ,2021-11-24 02:50:12,-41.4122,175.5153,65.03,53,4,8.16
390,Duma,CN,2021-11-24 02:50:12,34.7653,108.135,35.62,28,0,0.89
391,Katangli,RU,2021-11-24 02:50:13,51.7102,143.2326,34.05,77,66,14.58
392,Leningradskiy,RU,2021-11-24 02:50:13,69.3833,178.4167,-16.26,80,69,2.48
393,Baruun-Urt,MN,2021-11-24 02:50:14,46.6806,113.2792,12.13,74,25,3.29
394,Cockburn Town,TC,2021-11-24 02:46:25,21.4612,-71.1419,80.65,76,84,13.4
395,Labuhan,ID,2021-11-24 02:50:15,-6.8844,112.2051,85.51,65,95,7.76
396,Durres,AL,2021-11-24 02:50:14,41.3231,19.4414,44.78,67,15,10.69
397,Mogadishu,SO,2021-11-24 02:50:15,2.0371,45.3438,79.2,77,52,8.37
398,Saurimo,AO,2021-11-24 02:50:16,-9.6608,20.3916,63.86,96,100,1.68
399,Erzin,TR,2021-11-24 02:50:16,36.9559,36.2,57.72,65,100,2.33
400,Sitka,US,2021-11-24 02:50:17,57.0531,-135.33,33.69,86,75,8.05
401,Karratha,AU,2021-11-24 02:50:17,-20.7377,116.8463,91.99,28,100,22.57
402,Garowe,SO,2021-11-24 02:50:18,8.4054,48.4845,72.25,69,36,2.39
403,Norden,DE,2021-11-24 02:50:18,53.6,7.2,45.91,75,100,8.5
404,Pangnirtung,CA,2021-11-24 02:50:18,66.1451,-65.7125,22.68,96,100,6.38
405,Mount Gambier,AU,2021-11-24 02:50:19,-37.8333,140.7667,73.31,64,75,10.36
406,Karatau,KZ,2021-11-24 02:50:20,43.1667,70.4667,40.44,55,64,4.25
407,Islamkot,PK,2021-11-24 02:50:20,24.6997,70.177,70.66,40,50,5.06
408,Peace River,CA,2021-11-24 02:50:21,56.2501,-117.286,5.31,78,75,3.44
409,Aktash,RU,2021-11-24 02:50:21,50.3,87.7333,16.12,86,100,3.58
410,Victoria,HK,2021-11-24 02:47:00,22.2855,114.1577,70.25,66,0,1.01
411,Clovis,US,2021-11-24 02:51:22,36.8252,-119.7029,57.09,78,20,0.0
412,Alofi,NU,2021-11-24 02:51:22,-19.0595,-169.9187,84.09,61,40,5.75
413,Morondava,MG,2021-11-24 02:51:23,-20.2833,44.2833,77.7,85,73,3.49
414,Eydhafushi,MV,2021-11-24 02:51:23,5.1033,73.0708,81.3,71,96,15.3
415,Arys,KZ,2021-11-24 02:51:23,42.4252,68.795,44.82,49,94,4.99
416,Brae,GB,2021-11-24 02:51:24,60.3964,-1.353,46.31,73,100,21.45
417,Valparaiso,CL,2021-11-24 02:51:24,-33.0393,-71.6273,60.48,82,90,8.05
418,Tanete,ID,2021-11-24 02:51:25,-3.9443,119.7848,86.43,67,100,1.16
419,Sept-Iles,CA,2021-11-24 02:48:02,50.2001,-66.3821,29.05,71,75,11.01
420,Huadian,CN,2021-11-24 02:51:25,42.9633,126.7478,21.38,38,2,15.66
421,Clonakilty,IE,2021-11-24 02:51:26,51.6231,-8.8706,33.01,68,4,3.56
422,Havre-Saint-Pierre,CA,2021-11-24 02:51:27,50.2334,-63.5986,30.2,86,90,18.41
423,Terra Nova,BR,2021-11-24 02:51:27,-12.3667,-40.6667,70.3,93,94,2.75
424,Bireun,ID,2021-11-24 02:51:27,5.203,96.7009,81.73,77,99,3.38
425,Zhangye,CN,2021-11-24 02:51:28,38.9342,100.4517,42.69,13,0,8.7
426,Flinders,AU,2021-11-24 02:51:28,-34.5833,150.8552,75.06,83,100,8.46
427,Bairiki,KI,2021-11-24 02:51:29,1.3292,172.9752,86.0,70,40,12.66
428,Khandyga,RU,2021-11-24 02:51:29,62.6667,135.6,-7.85,90,100,1.83
429,Udachnyy,RU,2021-11-24 02:51:30,66.4167,112.4,-11.81,87,100,8.99
430,Along,IN,2021-11-24 02:51:30,28.1667,94.7667,67.77,59,61,0.67
431,Ancud,CL,2021-11-24 02:51:30,-41.8697,-73.8203,56.73,96,9,4.36
432,Lemon Tree Passage,AU,2021-11-24 02:51:31,-32.7327,152.036,82.58,77,100,16.37
433,Nikki,BJ,2021-11-24 02:51:31,9.9401,3.2108,74.52,29,80,2.39
434,Palkonda,IN,2021-11-24 02:51:32,18.6,83.75,79.59,81,23,2.46
435,Ngaglik,ID,2021-11-24 02:51:32,-6.84,111.3671,85.8,64,98,6.02
436,Riberalta,BO,2021-11-24 02:51:33,-10.9833,-66.1,77.68,85,100,0.69
437,Sistranda,NO,2021-11-24 02:51:29,63.7256,8.834,41.9,96,100,3.83
438,Dingzhou,CN,2021-11-24 02:51:33,38.5131,114.9956,42.91,29,0,3.36
439,Umm Kaddadah,SD,2021-11-24 02:51:34,13.6017,26.6876,65.28,22,1,12.77
440,Katobu,ID,2021-11-24 02:51:34,-4.9408,122.5276,88.16,61,38,5.99
441,Ballina,AU,2021-11-24 02:51:34,-28.8667,153.5667,75.38,92,90,17.27
442,Lorengau,PG,2021-11-24 02:51:35,-2.0226,147.2712,80.73,84,100,15.3
443,Bac Lieu,VN,2021-11-24 02:51:35,9.285,105.7244,84.13,69,100,17.34
444,Broken Hill,AU,2021-11-24 02:51:36,-31.95,141.4333,73.11,73,40,8.05
445,Yuyao,CN,2021-11-24 02:51:36,30.05,121.1494,51.76,44,0,2.17
446,Viedma,AR,2021-11-24 02:51:37,-40.8135,-62.9967,71.02,31,7,8.28
447,Kharp,RU,2021-11-24 02:51:37,66.8014,65.8081,4.89,91,100,5.28
448,Vytegra,RU,2021-11-24 02:51:38,61.0064,36.4481,26.33,88,100,10.94
449,Gamba,GA,2021-11-24 02:51:38,-2.65,10.0,74.5,90,90,1.81
450,San Pedro,PH,2021-11-24 02:51:38,14.35,121.0167,87.35,71,75,3.44
451,Lakefield,US,2021-11-24 02:51:39,43.6775,-95.1717,51.91,58,1,4.0
452,Zeya,RU,2021-11-24 02:51:39,53.75,127.2667,21.11,47,100,8.34
453,Mazatlan,MX,2021-11-24 02:49:55,23.2167,-106.4167,79.02,87,50,1.99
454,Beitbridge,ZW,2021-11-24 02:51:40,-22.2167,30.0,66.97,78,21,24.87
455,Tarko-Sale,RU,2021-11-24 02:51:41,64.9225,77.785,8.15,94,99,12.03
456,Talara,PE,2021-11-24 02:51:41,-4.5772,-81.2719,66.96,82,0,17.27
457,Xuddur,SO,2021-11-24 02:51:41,4.1213,43.8894,67.96,82,52,6.02
458,Bethal,ZA,2021-11-24 02:52:42,-26.4579,29.4655,50.56,94,2,4.07
459,Vieux-Habitants,GP,2021-11-24 02:52:42,16.0589,-61.7659,76.57,78,100,7.63
460,Skjervoy,NO,2021-11-24 02:52:43,70.0311,20.9714,32.54,88,100,29.26
461,Santiago Del Estero,AR,2021-11-24 02:51:26,-27.7951,-64.2615,68.81,83,66,5.03
462,Brindisi,IT,2021-11-24 02:52:44,40.5833,17.6667,57.56,79,79,13.02
463,Visby,SE,2021-11-24 02:52:44,57.6409,18.296,43.86,87,31,17.27
464,Rawson,AR,2021-11-24 02:52:44,-43.3002,-65.1023,70.34,43,46,25.48
465,Campo Grande,BR,2021-11-24 02:52:45,-20.4428,-54.6464,71.15,94,75,9.22
466,Nador,MA,2021-11-24 02:52:45,35.174,-2.9287,50.25,81,0,4.61
467,Carballo,ES,2021-11-24 02:52:46,43.213,-8.691,52.02,80,78,10.25
468,Apastovo,RU,2021-11-24 02:52:46,55.2029,48.5109,8.91,98,23,5.26
469,Hambantota,LK,2021-11-24 02:52:47,6.1241,81.1185,75.54,100,20,4.61
470,Vila Franca Do Campo,PT,2021-11-24 02:52:47,37.7167,-25.4333,68.2,90,100,18.81
471,Constantine,DZ,2021-11-24 02:52:47,36.365,6.6147,44.01,75,40,1.14
472,Beyneu,KZ,2021-11-24 02:52:48,45.3167,55.2,44.78,61,100,8.97
473,Sao Joao Do Paraiso,BR,2021-11-24 02:50:50,-15.3136,-42.0144,66.7,92,15,2.19
474,Road Town,VG,2021-11-24 02:52:49,18.4167,-64.6167,80.69,72,11,7.85
475,Alice,US,2021-11-24 02:52:49,27.7523,-98.0697,67.32,79,1,6.91
476,Paoua,CF,2021-11-24 02:52:49,7.2427,16.4406,68.47,42,7,2.06
477,Caraballeda,VE,2021-11-24 02:52:50,10.6112,-66.8522,80.67,74,40,2.3
478,Kamaishi,JP,2021-11-24 02:52:50,39.2667,141.8833,40.15,67,94,8.01
479,Victor Harbor,AU,2021-11-24 02:52:51,-35.5667,138.6167,73.49,90,100,1.99
480,Hopelchen,MX,2021-11-24 02:52:51,19.7667,-89.85,71.83,77,34,4.47
481,Fort Nelson,CA,2021-11-24 02:52:52,58.8053,-122.7002,-0.81,85,90,0.0
482,Kisiwani,TZ,2021-11-24 02:52:52,-4.1333,37.95,70.23,88,51,1.72
483,Ravar,IR,2021-11-24 02:52:53,31.2656,56.8055,52.59,65,0,3.02
484,Great Yarmouth,GB,2021-11-24 02:52:54,52.6083,1.7305,44.94,86,77,6.69
485,Ngunguru,NZ,2021-11-24 02:52:54,-35.6167,174.5,69.17,75,32,8.88
486,Dalaba,GN,2021-11-24 02:52:55,10.7,-12.25,62.6,41,27,3.71
487,Meulaboh,ID,2021-11-24 02:52:55,4.1363,96.1285,80.74,81,100,5.03
488,Akashi,JP,2021-11-24 02:52:55,34.6333,134.9833,57.49,48,66,18.12
489,Adrar,MR,2021-11-24 02:52:56,20.5022,-10.0711,73.22,38,91,9.01
490,Serov,RU,2021-11-24 02:52:56,59.6033,60.5787,12.42,80,100,7.72
491,Rio Gallegos,AR,2021-11-24 02:52:57,-51.6226,-69.2181,48.25,57,0,13.8
492,Buala,SB,2021-11-24 02:52:57,-8.145,159.5921,86.11,66,99,7.56
493,Pokhara,NP,2021-11-24 02:52:18,28.2333,83.9833,61.27,66,41,1.59
494,Vila Velha,BR,2021-11-24 02:52:03,-20.3297,-40.2925,73.35,93,0,3.44
495,Balkanabat,TM,2021-11-24 02:48:25,39.5108,54.3671,52.3,56,0,5.75
496,Urumqi,CN,2021-11-24 02:52:05,43.801,87.6005,18.55,79,11,2.24
497,Olinda,BR,2021-11-24 02:52:59,-8.0089,-34.8553,82.13,74,40,4.61
498,Polunochnoye,RU,2021-11-24 02:52:59,60.8697,60.4153,2.46,93,97,3.91
499,Balikpapan,ID,2021-11-24 02:53:00,-1.2675,116.8289,85.19,74,20,5.75
500,Sydney Mines,CA,2021-11-24 02:53:00,46.2367,-60.2177,57.25,97,90,3.0
501,Yumen,CN,2021-11-24 02:53:01,40.2833,97.2,37.36,17,0,8.63
502,Tigil,RU,2021-11-24 02:54:01,57.8,158.6667,32.76,72,26,14.88
503,Sakata,JP,2021-11-24 02:54:02,38.9167,139.855,41.18,87,75,27.63
504,Plettenberg Bay,ZA,2021-11-24 02:54:02,-34.0527,23.3716,58.06,78,95,3.53
505,Kodinsk,RU,2021-11-24 02:54:03,58.6881,99.1844,28.22,92,100,8.63
506,Hurghada,EG,2021-11-24 02:54:03,27.2574,33.8129,64.44,52,0,11.5
507,Manggar,ID,2021-11-24 02:54:04,-2.8833,108.2667,76.84,88,100,13.33
508,Ndele,CF,2021-11-24 02:54:04,8.4109,20.6473,69.48,35,2,4.14
509,Tignere,CM,2021-11-24 02:54:04,7.3667,12.65,66.43,36,20,1.36
510,Del Rio,US,2021-11-24 02:54:05,29.3627,-100.8968,64.8,40,1,3.0
511,Burnie,AU,2021-11-24 02:54:05,-41.0667,145.9167,65.08,70,100,5.77
512,Nakonde,ZM,2021-11-24 02:54:06,-9.3421,32.745,61.84,57,100,1.45
513,Foam Lake,CA,2021-11-24 02:54:06,51.65,-103.5343,23.02,92,100,15.82
514,Surab,PK,2021-11-24 02:54:07,28.4914,66.2585,53.33,36,0,5.79
515,Rovnoye,RU,2021-11-24 02:54:07,50.7765,46.0509,23.86,68,74,10.74
516,Fukue,JP,2021-11-24 02:54:08,32.6881,128.8419,55.76,62,75,3.44
517,Tianpeng,CN,2021-11-24 02:54:08,30.9866,103.9393,48.67,62,84,3.31
518,Nemuro,JP,2021-11-24 02:54:09,43.3236,145.575,43.23,55,57,18.79
519,New Plymouth,NZ,2021-11-24 02:54:09,-39.0667,174.0833,71.06,49,1,9.66
520,Korem,ET,2021-11-24 02:54:10,12.5058,39.5228,44.91,70,32,0.74
521,Lexington,US,2021-11-24 02:53:35,37.9887,-84.4777,31.26,72,1,5.75
522,Araouane,ML,2021-11-24 02:54:10,18.9048,-3.5265,74.8,37,87,9.37
523,Traverse City,US,2021-11-24 02:54:11,44.7631,-85.6206,37.6,68,99,7.0
524,Kasongo-Lunda,CD,2021-11-24 02:54:11,-6.4667,16.8167,68.0,98,69,1.3
525,Waddan,LY,2021-11-24 02:54:11,29.1614,16.139,66.07,50,95,6.73
526,Aksarka,RU,2021-11-24 02:54:12,66.5606,67.7975,1.38,98,100,3.18
527,Asau,RO,2021-11-24 02:54:12,46.4333,26.4,38.39,89,99,0.87
528,Wisconsin Rapids,US,2021-11-24 02:54:13,44.3836,-89.8174,40.55,51,88,1.01
529,Tezu,IN,2021-11-24 02:54:13,27.9167,96.1667,72.14,53,73,2.35
530,Nizhniy Tsasuchey,RU,2021-11-24 02:54:14,50.5167,115.1333,8.53,62,9,6.42
531,Zenzeli,RU,2021-11-24 02:54:14,45.9241,47.0474,41.09,85,100,15.35
532,Travesia,HN,2021-11-24 02:54:15,15.8667,-87.9,76.14,75,40,8.21
533,Florianopolis,BR,2021-11-24 02:54:15,-27.6146,-48.5012,71.62,72,40,17.27
534,Khorixas,NA,2021-11-24 02:54:16,-20.3667,14.9667,60.22,40,0,0.45
535,Naklo Nad Notecia,PL,2021-11-24 02:54:16,53.1421,17.6018,43.45,78,100,12.19
536,Araras,BR,2021-11-24 02:54:17,-22.3569,-47.3842,67.68,45,78,3.29
537,Bay Roberts,CA,2021-11-24 02:53:38,47.5999,-53.2648,45.03,87,100,8.01
538,Port Hedland,AU,2021-11-24 02:54:17,-20.3167,118.5667,96.85,17,97,16.11
539,Rudbar,AF,2021-11-24 02:54:18,30.15,62.6,61.36,23,1,5.1
540,Dumas,US,2021-11-24 02:54:18,35.8656,-101.9732,62.53,29,1,16.11
