City_ID,City,Country,Lat,Lng,Max Temp,Humidity,Cloudiness,Wind Speed,Current Description,Date
0,Lexington,US,37.9887,-84.4777,25.92,67,43,6.38,scattered clouds,2021-11-29 09:34:05
1,Cherskiy,RU,68.75,161.3,-19.77,97,100,4.03,overcast clouds,2021-11-29 09:37:33
2,Atuona,PF,-9.8,-139.0333,76.86,81,24,15.82,light rain,2021-11-29 09:37:33
3,Dikson,RU,73.5069,80.5464,-15.9,97,99,19.33,overcast clouds,2021-11-29 09:37:33
4,Kruisfontein,ZA,-34.0033,24.7314,73.92,53,49,11.39,scattered clouds,2021-11-29 09:37:34
5,Esperance,AU,-33.8667,121.9,64.22,75,41,13.11,scattered clouds,2021-11-29 09:37:35
6,Kapaa,US,22.0752,-159.319,75.33,66,64,18.43,broken clouds,2021-11-29 09:37:35
7,Hovd,MN,48.0056,91.6419,18.07,39,6,1.86,clear sky,2021-11-29 09:37:35
8,Busselton,AU,-33.65,115.3333,65.66,49,1,16.26,clear sky,2021-11-29 09:35:16
9,Jamestown,US,42.097,-79.2353,26.74,96,99,8.19,light snow,2021-11-29 09:37:36
10,Black River,JM,18.0264,-77.8487,72.28,85,89,5.03,overcast clouds,2021-11-29 09:37:37
11,Puerto Ayora,EC,-0.7393,-90.3518,69.01,84,80,7.99,broken clouds,2021-11-29 09:37:37
12,Nikolskoye,RU,59.7035,30.7861,20.84,82,100,9.06,overcast clouds,2021-11-29 09:35:13
13,Khatanga,RU,71.9667,102.5,-10.52,97,100,8.86,overcast clouds,2021-11-29 09:35:14
14,Xuddur,SO,4.1213,43.8894,89.13,33,66,17.98,broken clouds,2021-11-29 09:37:38
15,Carnarvon,AU,-24.8667,113.6333,76.78,65,0,30.36,clear sky,2021-11-29 09:35:13
16,Bambous Virieux,MU,-20.3428,57.7575,80.73,55,0,10.16,clear sky,2021-11-29 09:37:39
17,Gorom-Gorom,BF,14.4439,-0.2361,89.31,9,90,14.09,overcast clouds,2021-11-29 09:37:39
18,Rikitea,PF,-23.1203,-134.9692,76.06,75,0,17.45,clear sky,2021-11-29 09:37:39
19,Punta Arenas,CL,-53.15,-70.9167,41.58,71,45,24.54,scattered clouds,2021-11-29 09:35:05
20,East London,ZA,-33.0153,27.9116,72.57,63,1,11.63,clear sky,2021-11-29 09:37:40
21,Saint-Philippe,RE,-21.3585,55.7679,77.31,81,55,5.91,light rain,2021-11-29 09:37:41
22,Hermanus,ZA,-34.4187,19.2345,69.17,64,74,14.76,broken clouds,2021-11-29 09:35:10
23,Ambilobe,MG,-13.2,49.05,92.23,43,42,1.99,scattered clouds,2021-11-29 09:37:41
24,Port Alfred,ZA,-33.5906,26.891,71.37,67,10,9.1,clear sky,2021-11-29 09:35:09
25,Mataura,NZ,-46.1927,168.8643,52.95,77,95,2.71,overcast clouds,2021-11-29 09:34:59
26,Hilo,US,19.7297,-155.09,72.64,79,93,16.06,light rain,2021-11-29 09:35:11
27,Pevek,RU,69.7008,170.3133,4.32,96,100,2.77,overcast clouds,2021-11-29 09:28:18
28,Vaini,TO,-21.2,-175.2,77.56,58,96,17.78,overcast clouds,2021-11-29 09:35:18
29,Ushuaia,AR,-54.8,-68.3,39.16,91,81,3.85,light rain,2021-11-29 09:31:39
30,Victoria,HK,22.2855,114.1577,74.17,57,44,1.79,scattered clouds,2021-11-29 09:37:29
31,Billings,US,45.7833,-108.5007,48.65,48,100,13.02,overcast clouds,2021-11-29 09:33:16
32,Roma,US,43.2128,-75.4557,24.28,96,77,4.23,broken clouds,2021-11-29 09:37:43
33,Bluff,NZ,-46.6,168.3333,56.5,80,99,17.31,overcast clouds,2021-11-29 09:35:07
34,Katsuura,JP,35.1333,140.3,56.8,69,14,13.15,few clouds,2021-11-29 09:37:44
35,Butaritari,KI,3.0707,172.7902,81.48,79,100,11.32,overcast clouds,2021-11-29 09:37:44
36,Ribeira Grande,PT,38.5167,-28.7,62.44,58,89,5.46,overcast clouds,2021-11-29 09:37:45
37,Aklavik,CA,68.2191,-135.0107,-12.1,82,100,12.62,overcast clouds,2021-11-29 09:37:45
38,Akyab,MM,20.15,92.9,82.02,55,32,13.56,scattered clouds,2021-11-29 09:37:46
39,Dingle,PH,10.9995,122.6711,78.84,87,100,6.08,overcast clouds,2021-11-29 09:37:46
40,Castro,BR,-24.7911,-50.0119,69.33,74,92,3.44,overcast clouds,2021-11-29 09:37:47
41,Saint Anthony,US,45.0205,-93.218,32.79,37,100,7.47,overcast clouds,2021-11-29 09:37:47
42,Bredasdorp,ZA,-34.5322,20.0403,77.11,41,64,8.68,broken clouds,2021-11-29 09:37:48
43,Tiznit,MA,29.5833,-9.5,61.2,32,0,2.24,clear sky,2021-11-29 09:35:08
44,Stayner,CA,44.4183,-80.096,21.29,88,44,2.86,scattered clouds,2021-11-29 09:37:48
45,Chokurdakh,RU,70.6333,147.9167,-19.21,99,100,3.98,overcast clouds,2021-11-29 09:37:49
46,Cabo San Lucas,MX,22.8909,-109.9124,72.79,79,15,7.38,few clouds,2021-11-29 09:36:59
47,Port Blair,IN,11.6667,92.75,82.78,74,92,12.08,overcast clouds,2021-11-29 09:38:49
48,Melito Di Porto Salvo,IT,37.9222,15.7714,57.02,62,25,20.36,scattered clouds,2021-11-29 09:38:50
49,Marienburg,PL,54.0359,19.0266,36.07,99,100,12.06,light rain,2021-11-29 09:38:50
50,Waingapu,ID,-9.6567,120.2641,80.8,78,100,3.51,moderate rain,2021-11-29 09:38:51
51,Ancud,CL,-41.8697,-73.8203,50.5,92,65,6.08,broken clouds,2021-11-29 09:38:52
52,Tuatapere,NZ,-46.1333,167.6833,52.65,91,69,2.3,broken clouds,2021-11-29 09:38:52
53,Port Lincoln,AU,-34.7333,135.8667,65.84,60,6,5.39,clear sky,2021-11-29 09:38:52
54,Bengkulu,ID,-3.8004,102.2655,76.19,87,100,6.38,overcast clouds,2021-11-29 09:34:43
55,Dandong,CN,40.1292,124.3947,41.09,86,99,4.61,overcast clouds,2021-11-29 09:38:53
56,Hobart,AU,-42.8794,147.3294,53.1,91,80,1.32,broken clouds,2021-11-29 09:38:54
57,Tire,TR,38.0888,27.7351,69.46,61,100,19.86,overcast clouds,2021-11-29 09:38:54
58,Cape Town,ZA,-33.9258,18.4232,68.34,62,90,9.6,overcast clouds,2021-11-29 09:31:29
59,Talcahuano,CL,-36.7167,-73.1167,49.73,59,0,5.82,clear sky,2021-11-29 09:38:55
60,Arraial Do Cabo,BR,-22.9661,-42.0278,73.22,87,19,11.23,few clouds,2021-11-29 09:35:00
61,Toora-Khem,RU,52.4675,96.11,6.37,95,92,0.72,overcast clouds,2021-11-29 09:38:56
62,Rio Grande,BR,-32.035,-52.0986,64.58,82,14,17.47,few clouds,2021-11-29 09:38:56
63,Barrow,US,71.2906,-156.7887,-15.11,99,100,6.89,overcast clouds,2021-11-29 09:35:11
64,Lebu,CL,-37.6167,-73.65,51.17,87,1,14.52,clear sky,2021-11-29 09:38:57
65,Tasiilaq,GL,65.6145,-37.6368,23.72,94,100,15.35,snow,2021-11-29 09:38:57
66,Boguchany,RU,58.3814,97.4531,6.87,94,80,4.74,broken clouds,2021-11-29 09:38:57
67,Meulaboh,ID,4.1363,96.1285,74.73,96,100,5.53,overcast clouds,2021-11-29 09:38:58
68,Provideniya,RU,64.3833,-173.3,-5.24,85,3,8.39,clear sky,2021-11-29 09:38:58
69,Bethel,US,41.3712,-73.414,29.08,95,99,4.38,overcast clouds,2021-11-29 09:38:59
70,Pisco,PE,-13.7,-76.2167,63.41,89,100,2.53,overcast clouds,2021-11-29 09:34:46
71,Markovo,RU,57.3206,107.0881,20.93,90,100,11.68,light snow,2021-11-29 09:39:00
72,Avarua,CK,-21.2078,-159.775,74.62,60,39,8.34,scattered clouds,2021-11-29 09:35:15
73,Santa Cruz De Tenerife,ES,28.4682,-16.2546,65.57,67,98,19.71,overcast clouds,2021-11-29 09:39:00
74,Srednekolymsk,RU,67.45,153.6833,-26.59,97,100,6.15,overcast clouds,2021-11-29 09:39:01
75,Hamilton,US,39.1834,-84.5333,30.31,54,28,4.76,scattered clouds,2021-11-29 09:35:20
76,Lompoc,US,34.6391,-120.4579,60.42,34,0,4.05,clear sky,2021-11-29 09:39:02
77,Vila Franca Do Campo,PT,37.7167,-25.4333,59.49,69,88,5.59,overcast clouds,2021-11-29 09:39:02
78,Visnes,NO,59.3556,5.2242,35.85,58,93,7.67,overcast clouds,2021-11-29 09:39:02
79,Mayo,US,38.8876,-76.5119,36.07,65,62,12.41,broken clouds,2021-11-29 09:39:03
80,Saint-Pierre,RE,-21.3393,55.4781,77.47,84,60,9.6,light rain,2021-11-29 09:39:03
81,Grants Pass,US,42.439,-123.3284,47.12,96,9,0.69,clear sky,2021-11-29 09:34:04
82,Dawson,US,31.7735,-84.4466,41.04,80,0,7.34,clear sky,2021-11-29 09:39:04
83,Port Elizabeth,ZA,-33.918,25.5701,71.33,63,21,11.01,few clouds,2021-11-29 09:39:05
84,Kyra,RU,49.5776,111.9753,9.34,80,68,6.58,broken clouds,2021-11-29 09:39:05
85,Lasa,IT,46.6166,10.7002,29.55,80,100,6.76,overcast clouds,2021-11-29 09:39:06
86,Baykit,RU,61.67,96.37,-10.21,99,69,2.82,broken clouds,2021-11-29 09:39:06
87,Airai,TL,-8.9266,125.4092,62.17,95,100,2.64,heavy intensity rain,2021-11-29 09:39:07
88,Dicabisagan,PH,17.0818,122.4157,79.23,85,56,3.09,broken clouds,2021-11-29 09:39:07
89,Karratha,AU,-20.7377,116.8463,87.13,50,2,15.84,clear sky,2021-11-29 09:39:08
90,Russell,US,32.3502,-85.1999,39.31,82,2,5.39,clear sky,2021-11-29 09:40:08
91,Ismailia,EG,30.6043,32.2723,87.8,14,31,9.22,scattered clouds,2021-11-29 09:40:09
92,Aguimes,ES,27.9054,-15.4461,61.65,68,60,17.98,broken clouds,2021-11-29 09:40:09
93,Poum,NC,-20.2333,164.0167,80.33,78,54,5.35,broken clouds,2021-11-29 09:40:10
94,Kargasok,RU,59.0556,80.8572,22.19,79,100,11.83,overcast clouds,2021-11-29 09:40:10
95,Masindi,UG,1.6744,31.715,73.85,76,96,2.21,light rain,2021-11-29 09:40:10
96,Cidreira,BR,-30.1811,-50.2056,70.86,84,65,13.02,broken clouds,2021-11-29 09:38:03
97,Nara,JP,34.6851,135.8049,50.25,64,49,2.68,scattered clouds,2021-11-29 09:40:11
98,Georgetown,MY,5.4112,100.3354,77.52,88,100,5.26,light rain,2021-11-29 09:40:11
99,Pandan,PH,14.0453,124.1694,79.32,88,86,7.76,overcast clouds,2021-11-29 09:40:12
100,Kavieng,PG,-2.5744,150.7967,82.26,79,80,11.03,light rain,2021-11-29 09:40:13
101,Upernavik,GL,72.7868,-56.1549,2.01,63,100,3.47,overcast clouds,2021-11-29 09:35:09
102,Sur,OM,22.5667,59.5289,82.76,47,0,13.8,clear sky,2021-11-29 09:40:13
103,Ponta Do Sol,PT,32.6667,-17.1,63.93,70,12,6.98,few clouds,2021-11-29 09:40:14
104,Lethem,GY,3.3803,-59.7968,73.53,89,91,9.53,overcast clouds,2021-11-29 09:40:14
105,Leningradskiy,RU,69.3833,178.4167,-19.19,96,67,11.01,broken clouds,2021-11-29 09:40:14
106,Itarsi,IN,22.6167,77.75,79.2,30,100,8.61,overcast clouds,2021-11-29 09:40:15
107,Potosi,BO,-19.5836,-65.7531,42.26,83,96,4.07,overcast clouds,2021-11-29 09:40:15
108,Santana Do Matos,BR,-5.9575,-36.6556,81.05,67,64,9.4,broken clouds,2021-11-29 09:40:16
109,Guangyuan,CN,32.442,105.823,48.18,46,47,4.88,scattered clouds,2021-11-29 09:40:16
110,Broome,US,42.2506,-75.833,26.19,97,89,3.4,overcast clouds,2021-11-29 09:40:17
111,Waipawa,NZ,-41.4122,175.5153,60.37,88,91,4.74,overcast clouds,2021-11-29 09:40:17
112,Torbay,CA,47.6666,-52.7314,43.09,80,21,13.31,few clouds,2021-11-29 09:40:18
113,Beringovskiy,RU,63.05,179.3167,8.15,95,100,6.82,light snow,2021-11-29 09:40:18
114,Vostok,RU,46.4856,135.8833,5.2,99,88,3.4,overcast clouds,2021-11-29 09:40:19
115,Albany,US,42.6001,-73.9662,28.0,95,92,3.13,light snow,2021-11-29 09:37:25
116,Honningsvag,NO,70.9821,25.9704,22.46,87,87,26.06,overcast clouds,2021-11-29 09:40:19
117,Yellowknife,CA,62.456,-114.3525,1.04,91,99,16.49,overcast clouds,2021-11-29 09:40:20
118,Ballina,AU,-28.8667,153.5667,69.48,82,44,6.64,scattered clouds,2021-11-29 09:40:20
119,Kannur,IN,11.8675,75.3576,82.11,75,100,9.48,overcast clouds,2021-11-29 09:40:21
120,Marsh Harbour,BS,26.5412,-77.0636,72.45,66,49,12.75,scattered clouds,2021-11-29 09:35:30
121,Bay Roberts,CA,47.5999,-53.2648,43.03,84,39,11.63,scattered clouds,2021-11-29 09:40:21
122,Bilma,NE,18.6853,12.9164,85.48,12,100,4.32,overcast clouds,2021-11-29 09:40:22
123,Vangaindrano,MG,-23.35,47.6,80.47,55,44,10.29,scattered clouds,2021-11-29 09:40:22
124,Codrington,AU,-38.2667,141.9667,55.0,84,6,4.47,clear sky,2021-11-29 09:40:22
125,El Ermitano,MX,20.2072,-97.5114,67.23,92,99,2.71,overcast clouds,2021-11-29 09:40:23
126,Mar Del Plata,AR,-38.0023,-57.5575,60.64,95,100,20.29,overcast clouds,2021-11-29 09:35:32
127,Tyumentsevo,RU,53.3224,81.498,12.15,92,82,4.59,broken clouds,2021-11-29 09:40:23
128,Iqaluit,CA,63.7506,-68.5145,21.58,88,100,11.83,light snow,2021-11-29 09:40:24
129,Darhan,MN,49.4867,105.9228,11.48,89,16,5.97,few clouds,2021-11-29 09:40:24
130,Qaanaaq,GL,77.484,-69.3632,-3.73,58,32,9.22,scattered clouds,2021-11-29 09:40:25
131,Buala,SB,-8.145,159.5921,81.73,80,96,6.71,overcast clouds,2021-11-29 09:40:25
132,Fortuna,US,40.5982,-124.1573,51.51,95,46,5.1,scattered clouds,2021-11-29 09:40:26
133,Bonavista,CA,48.6499,-53.1147,42.12,75,69,18.77,broken clouds,2021-11-29 09:40:26
134,Batagay,RU,67.6333,134.6333,-25.94,100,100,0.67,overcast clouds,2021-11-29 09:40:26
135,Faanui,PF,-16.4833,-151.75,80.58,78,99,10.36,overcast clouds,2021-11-29 09:40:27
136,New Norfolk,AU,-42.7826,147.0587,52.0,96,57,1.99,broken clouds,2021-11-29 09:35:10
137,Komsomolskiy,UZ,40.4272,71.7189,52.75,24,29,2.3,scattered clouds,2021-11-29 09:41:27
138,Bitung,ID,1.4451,125.1824,80.02,81,99,3.2,very heavy rain,2021-11-29 09:41:28
139,Grand-Lahou,CI,5.1367,-5.0242,84.2,70,87,5.77,overcast clouds,2021-11-29 09:41:28
140,Saint-Augustin,CA,51.226,-58.6502,33.94,83,97,17.87,overcast clouds,2021-11-29 09:41:29
141,Spas-Demensk,RU,54.4122,34.0226,40.84,95,100,8.81,overcast clouds,2021-11-29 09:41:29
142,Pomerode,BR,-26.7406,-49.1769,73.51,83,81,1.77,broken clouds,2021-11-29 09:41:30
143,Bathsheba,BB,13.2167,-59.5167,79.16,71,63,17.72,broken clouds,2021-11-29 09:41:30
144,Sitka,US,57.0531,-135.33,33.94,80,97,6.55,light rain,2021-11-29 09:41:31
145,Thompson,CA,55.7435,-97.8558,12.33,95,100,7.16,light snow,2021-11-29 09:41:31
146,Samarai,PG,-10.6167,150.6667,82.33,81,100,9.31,overcast clouds,2021-11-29 09:41:31
147,Hithadhoo,MV,-0.6,73.0833,82.06,77,31,17.36,scattered clouds,2021-11-29 09:41:32
148,Beamsville,CA,43.1668,-79.4829,28.02,78,49,8.19,scattered clouds,2021-11-29 09:41:32
149,Tashigang,BT,27.3331,91.5542,63.93,57,52,4.68,broken clouds,2021-11-29 09:41:33
150,Flin Flon,CA,54.7682,-101.865,18.05,96,93,6.51,overcast clouds,2021-11-29 09:41:33
151,Dudinka,RU,69.4058,86.1778,-19.17,99,100,7.23,overcast clouds,2021-11-29 09:41:33
152,Cairns,AU,-16.9167,145.7667,78.96,85,52,5.5,light rain,2021-11-29 09:40:04
153,Mahebourg,MU,-20.4081,57.7,80.67,57,1,8.99,clear sky,2021-11-29 09:41:34
154,Meteti,PA,8.4983,-77.9786,72.63,99,73,1.7,broken clouds,2021-11-29 09:41:35
155,Puri,IN,19.8,85.85,80.96,41,58,8.79,broken clouds,2021-11-29 09:41:35
156,Fatehpur,IN,25.9333,80.8,78.1,32,100,7.83,overcast clouds,2021-11-29 09:41:35
157,Eydhafushi,MV,5.1033,73.0708,79.86,81,100,14.61,very heavy rain,2021-11-29 09:41:36
158,Waddan,LY,29.1614,16.139,64.74,29,100,18.54,overcast clouds,2021-11-29 09:41:36
159,Kamaishi,JP,39.2667,141.8833,44.51,77,69,6.87,broken clouds,2021-11-29 09:41:37
160,Baringo,KE,0.4667,35.9667,88.03,31,42,7.2,scattered clouds,2021-11-29 09:41:37
161,Vardo,NO,70.3705,31.1107,20.91,83,100,25.77,overcast clouds,2021-11-29 09:35:15
162,Opuwo,NA,-18.0607,13.84,91.38,20,70,12.93,broken clouds,2021-11-29 09:41:38
163,Arman,RU,59.7,150.1667,-0.72,93,97,7.0,overcast clouds,2021-11-29 09:41:38
164,Aranda De Duero,ES,41.6704,-3.6892,44.91,74,49,15.55,scattered clouds,2021-11-29 09:41:39
165,Berlevag,NO,70.8578,29.0864,15.42,85,95,16.84,overcast clouds,2021-11-29 09:41:39
166,Mattru,SL,7.6244,-11.8332,82.15,79,100,0.4,overcast clouds,2021-11-29 09:41:40
167,Hirson,FR,49.9226,4.0826,35.82,96,92,8.25,overcast clouds,2021-11-29 09:41:40
168,San Patricio,US,28.017,-97.5169,53.76,89,31,4.52,scattered clouds,2021-11-29 09:41:40
169,Angoram,PG,-4.0625,144.0661,76.93,92,99,3.13,overcast clouds,2021-11-29 09:41:41
170,Broken Hill,AU,-31.95,141.4333,77.56,33,21,7.96,few clouds,2021-11-29 09:41:41
171,Creel,MX,27.75,-107.6333,40.86,78,100,4.63,overcast clouds,2021-11-29 09:41:42
172,Talnakh,RU,69.4865,88.3972,-18.26,98,94,8.52,overcast clouds,2021-11-29 09:41:42
173,Mulbagal,IN,13.1667,78.4,72.23,86,95,11.88,overcast clouds,2021-11-29 09:41:42
174,Gazanjyk,TM,39.2446,55.5154,60.49,34,100,7.38,overcast clouds,2021-11-29 09:41:43
175,Muisne,EC,0.6,-80.0333,74.52,89,100,13.6,light rain,2021-11-29 09:41:43
176,Lorengau,PG,-2.0226,147.2712,82.0,78,46,4.05,scattered clouds,2021-11-29 09:41:44
177,Ostrovnoy,RU,68.0531,39.5131,11.05,77,91,8.46,overcast clouds,2021-11-29 09:35:17
178,Tucumcari,US,35.1717,-103.725,43.93,41,0,5.46,clear sky,2021-11-29 09:41:44
179,Tobol,KZ,52.6844,62.5794,20.8,87,94,5.26,overcast clouds,2021-11-29 09:41:45
180,Seoul,KR,37.5683,126.9778,49.12,55,50,2.39,scattered clouds,2021-11-29 09:40:00
181,The Valley,AI,18.217,-63.0578,80.56,74,5,16.2,clear sky,2021-11-29 09:41:46
182,Yar-Sale,RU,66.8333,70.8333,5.38,95,100,16.58,light snow,2021-11-29 09:41:46
183,Thinadhoo,MV,0.5333,72.9333,82.22,73,25,18.37,scattered clouds,2021-11-29 09:41:46
184,Puerto Del Rosario,ES,28.5004,-13.8627,65.35,60,20,26.55,few clouds,2021-11-29 09:41:47
185,Hay River,CA,60.8156,-115.7999,0.91,92,100,12.57,overcast clouds,2021-11-29 09:42:47
186,Saint-Joseph,RE,-21.3667,55.6167,76.33,82,54,7.36,light rain,2021-11-29 09:42:48
187,Acarau,BR,-2.8856,-40.12,82.56,71,100,13.89,overcast clouds,2021-11-29 09:41:26
188,Hami,CN,42.8,93.45,28.96,54,0,2.21,clear sky,2021-11-29 09:42:48
189,Beidao,CN,34.5686,105.8933,39.58,42,0,5.91,clear sky,2021-11-29 09:42:49
190,Port Macquarie,AU,-31.4333,152.9167,67.77,81,48,4.83,scattered clouds,2021-11-29 09:42:49
191,Lavrentiya,RU,65.5833,-171.0,-11.34,91,12,7.56,few clouds,2021-11-29 09:42:49
192,Havoysund,NO,70.9963,24.6622,19.47,79,90,13.15,overcast clouds,2021-11-29 09:42:50
193,Cockburn Town,TC,21.4612,-71.1419,80.1,70,8,11.65,clear sky,2021-11-29 09:42:50
194,Segovia,ES,41.1667,-4.0,40.91,85,100,15.3,overcast clouds,2021-11-29 09:42:51
195,Husavik,IS,66.0449,-17.3389,26.78,89,100,8.86,light snow,2021-11-29 09:42:51
196,Kodiak,US,57.79,-152.4072,23.31,92,100,17.63,snow,2021-11-29 09:40:04
197,Sorland,NO,67.667,12.6934,34.52,52,100,13.27,light rain,2021-11-29 09:42:52
198,Kabelvag,NO,68.2114,14.4817,30.76,54,75,8.95,light snow,2021-11-29 09:42:52
199,Naze,JP,28.3667,129.4833,67.06,63,74,14.65,broken clouds,2021-11-29 09:42:53
200,Kurchum,KZ,48.5722,83.6542,14.81,81,6,3.15,clear sky,2021-11-29 09:42:53
201,Beloha,MG,-25.1667,45.05,93.76,23,13,6.38,few clouds,2021-11-29 09:42:54
202,Yarada,IN,17.65,83.2667,79.81,60,60,12.21,broken clouds,2021-11-29 09:42:54
203,Bato,PH,13.3528,123.3677,79.09,85,92,2.53,overcast clouds,2021-11-29 09:42:55
204,Cayenne,GF,4.9333,-52.3333,77.0,89,92,6.42,overcast clouds,2021-11-29 09:42:55
205,Severo-Kurilsk,RU,50.6789,156.125,31.24,79,100,6.98,overcast clouds,2021-11-29 09:38:58
206,Tamiahua,MX,21.2667,-97.45,67.26,73,100,10.69,overcast clouds,2021-11-29 09:42:56
207,Sydney,AU,-33.8679,151.2073,63.45,78,2,7.43,clear sky,2021-11-29 09:38:12
208,Preobrazheniye,RU,42.9019,133.9064,38.66,83,20,8.01,few clouds,2021-11-29 09:42:56
209,Rusape,ZW,-18.5278,32.1284,85.8,25,5,9.22,clear sky,2021-11-29 09:42:57
210,Yerbogachen,RU,61.2767,108.0108,7.21,97,100,1.74,overcast clouds,2021-11-29 09:42:57
211,Raton,US,36.9034,-104.4391,41.76,43,0,3.8,clear sky,2021-11-29 09:42:58
212,Lyubymivka,UA,46.8106,33.5686,56.05,70,100,17.11,overcast clouds,2021-11-29 09:42:58
213,Asau,RO,46.4333,26.4,48.4,79,100,9.24,overcast clouds,2021-11-29 09:42:59
214,Pasni,PK,25.2631,63.471,78.87,44,0,7.4,clear sky,2021-11-29 09:42:59
215,Kavaratti,IN,10.5669,72.642,81.37,80,85,15.48,overcast clouds,2021-11-29 09:43:00
216,Rawson,AR,-43.3002,-65.1023,61.11,46,15,18.61,few clouds,2021-11-29 09:40:49
217,Pacific Grove,US,36.6177,-121.9166,58.68,64,0,6.15,clear sky,2021-11-29 09:43:00
218,Basco,PH,20.4487,121.9702,74.64,93,99,34.99,overcast clouds,2021-11-29 09:43:01
219,Barguzin,RU,53.6167,109.6167,13.14,95,87,4.43,light snow,2021-11-29 09:43:01
220,Mabaruma,GY,8.2,-59.7833,72.09,98,100,1.5,overcast clouds,2021-11-29 09:43:02
221,Koutiala,ML,12.3917,-5.4642,89.67,11,16,10.49,few clouds,2021-11-29 09:43:02
222,Sulangan,PH,11.1373,123.7228,83.53,76,81,6.49,broken clouds,2021-11-29 09:43:02
223,Fria,GN,10.4167,-13.5833,81.81,72,80,2.8,broken clouds,2021-11-29 09:43:03
224,Gryfice,PL,53.9165,15.2003,38.25,87,100,7.4,light rain,2021-11-29 09:43:03
225,Sayyan,YE,15.1718,44.3244,64.29,19,0,8.52,clear sky,2021-11-29 09:43:04
226,Nanortalik,GL,60.1432,-45.2371,37.58,94,100,11.99,overcast clouds,2021-11-29 09:43:04
227,Sovetskaya Gavan,RU,48.9723,140.2878,27.14,92,100,10.09,light snow,2021-11-29 09:43:05
228,Maniitsoq,GL,65.4167,-52.9,34.77,94,99,22.03,overcast clouds,2021-11-29 09:43:05
229,Paranaiba,BR,-19.6772,-51.1908,78.75,70,100,3.65,heavy intensity rain,2021-11-29 09:44:06
230,Itacarambi,BR,-15.1022,-44.0919,71.42,94,89,2.95,overcast clouds,2021-11-29 09:44:06
231,Mosetse,BW,-20.75,26.65,95.14,20,47,4.41,scattered clouds,2021-11-29 09:44:07
232,Puerto Leguizamo,CO,-0.1934,-74.7819,71.13,99,94,2.8,overcast clouds,2021-11-29 09:44:07
233,Ust-Nera,RU,64.5667,143.2,-11.36,99,100,2.82,overcast clouds,2021-11-29 09:44:07
234,Kangaatsiaq,GL,68.3065,-53.4641,33.8,93,93,22.57,overcast clouds,2021-11-29 09:44:08
235,Karymskoye,RU,51.6167,114.35,11.62,84,79,7.0,broken clouds,2021-11-29 09:44:08
236,West Wendover,US,40.7391,-114.0733,40.75,42,12,1.05,few clouds,2021-11-29 09:44:09
237,Rocha,UY,-34.4833,-54.3333,60.87,94,97,8.28,moderate rain,2021-11-29 09:44:09
238,Tonj,SS,7.2737,28.6822,100.17,29,43,2.59,scattered clouds,2021-11-29 09:44:10
239,Port Hardy,CA,50.6996,-127.4199,47.95,93,100,5.03,overcast clouds,2021-11-29 09:44:10
240,Grande Prairie,CA,55.1667,-118.8027,27.84,79,1,5.99,clear sky,2021-11-29 09:40:42
241,Anadyr,RU,64.75,177.4833,3.42,96,100,2.73,light snow,2021-11-29 09:44:11
242,Kiunga,PG,-6.1219,141.2906,76.41,96,100,2.57,overcast clouds,2021-11-29 09:44:11
243,Manasa,IN,24.4837,75.2687,78.1,28,97,8.08,overcast clouds,2021-11-29 09:44:12
244,Abeche,TD,13.8292,20.8324,95.72,11,93,11.23,overcast clouds,2021-11-29 09:44:12
245,Igrim,RU,63.1906,64.4162,18.81,97,97,2.01,light snow,2021-11-29 09:44:12
246,Qasigiannguit,GL,68.8193,-51.1922,30.94,96,100,6.67,light snow,2021-11-29 09:44:13
247,Tra Vinh,VN,9.9347,106.3453,76.59,92,100,9.8,overcast clouds,2021-11-29 09:44:13
248,Belaya Gora,RU,68.5333,146.4167,-14.33,99,100,2.82,overcast clouds,2021-11-29 09:44:14
249,Rockhampton,AU,-23.3833,150.5,73.56,94,100,5.93,light rain,2021-11-29 09:44:14
250,Katherine,AU,-14.4667,132.2667,93.07,18,46,3.13,scattered clouds,2021-11-29 09:44:14
251,Ixtapa,MX,20.7,-105.2,70.03,67,19,3.15,few clouds,2021-11-29 09:44:15
252,Padang,ID,-0.9492,100.3543,81.14,76,100,3.44,overcast clouds,2021-11-29 09:43:05
253,Santa Rita,BR,-7.1139,-34.9781,83.14,66,81,11.12,broken clouds,2021-11-29 09:44:15
254,Praia Da Vitoria,PT,38.7333,-27.0667,59.07,60,81,3.62,broken clouds,2021-11-29 09:44:16
255,Fontanka,UA,46.5626,30.8607,54.12,88,99,25.34,overcast clouds,2021-11-29 09:44:16
256,Nola,IT,40.922,14.5329,48.51,84,98,7.49,light rain,2021-11-29 09:44:17
257,Tecoanapa,MX,16.5167,-98.75,74.59,80,2,3.76,clear sky,2021-11-29 09:44:17
258,Los Llanos De Aridane,ES,28.6585,-17.9182,62.74,65,29,17.34,scattered clouds,2021-11-29 09:44:18
259,San Carlos De Bariloche,AR,-41.1456,-71.3082,41.49,87,31,5.44,scattered clouds,2021-11-29 09:40:26
260,Rundu,NA,-17.9333,19.7667,87.98,35,99,5.35,overcast clouds,2021-11-29 09:39:39
261,Altay,CN,47.8667,88.1167,21.29,66,0,6.55,clear sky,2021-11-29 09:44:19
262,Casalpusterlengo,IT,45.1769,9.6491,41.41,65,34,3.78,scattered clouds,2021-11-29 09:44:19
263,Wasilla,US,61.5814,-149.4394,-1.25,89,88,1.45,overcast clouds,2021-11-29 09:44:19
264,Gunjur,GM,13.2019,-16.7339,79.83,36,98,16.69,overcast clouds,2021-11-29 09:44:20
265,Pinawa,CA,50.1489,-95.8811,25.47,88,100,7.61,overcast clouds,2021-11-29 09:44:20
266,Sioux Lookout,CA,50.1001,-91.917,7.12,99,96,3.96,overcast clouds,2021-11-29 09:44:21
267,Sobolevo,RU,54.4299,31.8996,41.4,95,100,12.28,overcast clouds,2021-11-29 09:44:21
268,Pak Phanang,TH,8.3511,100.202,76.32,96,100,18.16,moderate rain,2021-11-29 09:44:21
269,Necochea,AR,-38.5473,-58.7368,60.21,93,74,12.82,broken clouds,2021-11-29 09:44:22
270,Zhigalovo,RU,54.8097,105.1578,19.8,87,99,9.89,overcast clouds,2021-11-29 09:44:22
271,Les Cayes,HT,18.2,-73.75,72.91,86,15,5.53,few clouds,2021-11-29 09:44:23
272,Ocos,GT,14.5094,-92.1933,76.12,79,0,4.81,clear sky,2021-11-29 09:44:23
273,Tynda,RU,55.1667,124.7167,-0.96,93,100,0.87,overcast clouds,2021-11-29 09:44:24
274,Charters Towers,AU,-20.1,146.2667,78.76,68,70,15.86,broken clouds,2021-11-29 09:44:24
275,Belmonte,BR,-15.8631,-38.8828,77.86,82,44,13.27,scattered clouds,2021-11-29 09:44:25
276,Lamont,US,35.2597,-118.9143,53.96,45,0,1.07,clear sky,2021-11-29 09:44:25
277,Naantali,FI,60.4674,22.0243,26.01,76,93,13.13,overcast clouds,2021-11-29 09:45:25
278,Ivdel,RU,60.6911,60.4206,32.54,84,100,8.08,overcast clouds,2021-11-29 09:45:26
279,Hasaki,JP,35.7333,140.8333,57.42,54,59,8.34,broken clouds,2021-11-29 09:45:26
280,Ous,RU,60.9058,61.5186,30.99,88,100,8.75,overcast clouds,2021-11-29 09:45:27
281,Ayan,RU,56.45,138.1667,7.18,67,1,13.02,clear sky,2021-11-29 09:45:27
282,Pointe Michel,DM,15.25,-61.3833,80.35,76,35,13.82,scattered clouds,2021-11-29 09:45:27
283,Candolim,IN,15.5181,73.7626,87.44,60,60,9.26,broken clouds,2021-11-29 09:45:28
284,Mana,GF,5.6592,-53.7767,76.37,91,100,6.42,overcast clouds,2021-11-29 09:45:29
285,Nan,TH,18.8333,100.6667,77.29,66,85,1.52,overcast clouds,2021-11-29 09:45:29
286,Fatehgarh,IN,27.3667,79.6333,77.54,30,21,7.81,few clouds,2021-11-29 09:45:30
287,Alta Floresta,BR,-9.8756,-56.0861,71.8,97,98,1.19,overcast clouds,2021-11-29 09:45:30
288,Saldanha,ZA,-33.0117,17.9442,67.37,64,76,9.75,broken clouds,2021-11-29 09:45:31
289,Dubbo,AU,-32.25,148.6167,66.27,82,37,7.14,scattered clouds,2021-11-29 09:45:31
290,Kaitangata,NZ,-46.2817,169.8464,54.66,62,80,4.79,broken clouds,2021-11-29 09:45:32
291,San Quintin,MX,30.4833,-115.95,60.4,70,0,3.76,clear sky,2021-11-29 09:45:32
292,Catamarca,AR,-28.4696,-65.7852,67.28,47,0,3.56,clear sky,2021-11-29 09:45:33
293,Barcelos,PT,41.5388,-8.6151,54.66,82,73,5.59,broken clouds,2021-11-29 09:41:37
294,Bowen,AU,-20.0167,148.2333,78.06,84,67,11.01,broken clouds,2021-11-29 09:45:33
295,Pangai,TO,-19.8,-174.35,78.51,59,43,17.38,scattered clouds,2021-11-29 09:45:34
296,Wajir,KE,1.7471,40.0573,90.43,45,43,9.51,light rain,2021-11-29 09:45:35
297,Ketchikan,US,55.3422,-131.6461,31.84,79,72,2.84,broken clouds,2021-11-29 09:45:35
298,Tessalit,ML,20.1986,1.0114,78.6,18,55,15.57,broken clouds,2021-11-29 09:45:36
299,Sumenep,ID,-7.0167,113.8667,79.41,82,99,8.66,moderate rain,2021-11-29 09:45:36
300,Auki,SB,-8.7676,160.7034,79.27,84,100,5.35,overcast clouds,2021-11-29 09:45:37
301,Beberibe,BR,-4.1797,-38.1306,80.83,76,85,10.74,overcast clouds,2021-11-29 09:45:37
302,Roebourne,AU,-20.7833,117.1333,89.56,41,3,16.78,clear sky,2021-11-29 09:45:37
303,Mogadishu,SO,2.0371,45.3438,83.8,68,61,12.66,light rain,2021-11-29 09:45:38
304,Pasighat,IN,28.0667,95.3333,71.6,54,0,1.41,clear sky,2021-11-29 09:45:38
305,Vostochnyy,RU,55.8167,37.8667,38.1,95,100,8.97,overcast clouds,2021-11-29 09:45:39
306,Lata,PT,40.1629,-8.3327,54.19,81,55,7.4,broken clouds,2021-11-29 09:45:39
307,Geraldton,AU,-28.7667,114.6,68.9,75,0,21.0,clear sky,2021-11-29 09:45:40
308,Plattsburgh,US,44.6995,-73.4529,26.94,81,98,6.8,overcast clouds,2021-11-29 09:45:40
309,Atar,MR,20.5169,-13.0499,67.59,31,100,15.52,overcast clouds,2021-11-29 09:45:41
310,Norman Wells,CA,65.282,-126.8329,-12.46,92,100,10.33,overcast clouds,2021-11-29 09:45:41
311,Duncan,US,34.5023,-97.9578,45.14,45,0,8.66,clear sky,2021-11-29 09:45:41
312,Banyo,CM,6.75,11.8167,86.09,18,11,5.41,few clouds,2021-11-29 09:45:42
313,Faya,SA,18.3851,42.4509,69.28,16,0,6.96,clear sky,2021-11-29 09:45:43
314,Gat,IL,31.61,34.7642,83.19,20,78,1.7,broken clouds,2021-11-29 09:45:44
315,Verkh-Usugli,RU,52.7,115.1667,0.73,96,29,3.65,scattered clouds,2021-11-29 09:45:44
316,Altamont,US,42.2068,-121.7372,42.37,85,3,2.01,clear sky,2021-11-29 09:45:44
317,Fairbanks,US,64.8378,-147.7164,-24.03,96,37,2.35,scattered clouds,2021-11-29 09:43:59
318,Marsa Matruh,EG,31.3525,27.2453,80.65,30,34,17.0,scattered clouds,2021-11-29 09:45:45
319,Harper,LR,4.375,-7.7169,83.14,73,52,3.91,light rain,2021-11-29 09:45:46
320,Binzhou,CN,37.3667,118.0167,47.79,85,100,5.64,moderate rain,2021-11-29 09:45:46
321,Kaeo,NZ,-35.1,173.7833,61.59,89,96,4.03,overcast clouds,2021-11-29 09:45:47
322,Tuktoyaktuk,CA,69.4541,-133.0374,-9.2,94,100,18.92,overcast clouds,2021-11-29 09:46:47
323,Henties Bay,NA,-22.116,14.2845,66.76,67,1,12.35,clear sky,2021-11-29 09:46:48
324,Naigarhi,IN,24.7833,81.7833,76.53,29,42,9.35,scattered clouds,2021-11-29 09:46:49
325,Mobara,JP,35.4167,140.3,53.87,67,32,6.62,scattered clouds,2021-11-29 09:46:49
326,Mujiayingzi,CN,42.1167,118.7833,28.15,72,100,0.56,overcast clouds,2021-11-29 09:46:50
327,Husum,DE,54.4858,9.0524,38.03,85,90,10.65,overcast clouds,2021-11-29 09:46:50
328,Guerrero Negro,MX,27.9769,-114.0611,62.98,72,0,0.58,clear sky,2021-11-29 09:46:51
329,Te Anau,NZ,-45.4167,167.7167,52.2,86,3,1.68,clear sky,2021-11-29 09:46:51
330,Makakilo City,US,21.3469,-158.0858,73.06,66,12,19.24,few clouds,2021-11-29 09:46:52
331,Esso,RU,55.9333,158.7,9.63,94,100,3.6,overcast clouds,2021-11-29 09:46:52
332,Longyearbyen,SJ,78.2186,15.6401,6.22,89,100,9.42,overcast clouds,2021-11-29 09:46:53
333,Montijo,PT,38.7067,-8.9739,58.98,67,53,14.92,broken clouds,2021-11-29 09:46:53
334,Cangucu,BR,-31.395,-52.6756,57.83,87,40,13.18,scattered clouds,2021-11-29 09:46:53
335,Clyde River,CA,70.4692,-68.5914,-7.47,85,100,6.35,overcast clouds,2021-11-29 09:46:54
336,Biak,ID,-0.9131,122.8766,74.61,91,100,2.62,overcast clouds,2021-11-29 09:46:54
337,Avera,US,33.194,-82.5271,40.57,67,6,6.78,clear sky,2021-11-29 09:46:55
338,Ginir,ET,7.1333,40.7,75.33,22,21,15.21,few clouds,2021-11-29 09:46:55
339,Hambantota,LK,6.1241,81.1185,78.46,84,98,7.47,light rain,2021-11-29 09:46:56
340,Kirakira,SB,-10.4544,161.9205,81.45,81,88,5.93,overcast clouds,2021-11-29 09:46:56
341,Margate,GB,51.3813,1.3862,41.02,79,36,16.64,scattered clouds,2021-11-29 09:46:57
342,Chulman,RU,56.8479,124.9104,-13.07,99,100,1.36,overcast clouds,2021-11-29 09:46:57
343,Murgab,TM,37.4966,61.9714,70.47,24,96,10.36,overcast clouds,2021-11-29 09:46:57
344,Perbaungan,ID,3.5679,98.956,79.2,83,100,10.96,overcast clouds,2021-11-29 09:46:58
345,Letterkenny,IE,54.95,-7.7333,44.76,94,98,4.21,overcast clouds,2021-11-29 09:46:59
346,Floro,NO,61.5996,5.0328,33.89,64,100,15.55,light rain,2021-11-29 09:46:59
347,Iquitos,PE,-3.7481,-73.2472,72.57,97,100,1.59,overcast clouds,2021-11-29 09:44:45
348,Luganville,VU,-15.5333,167.1667,76.53,91,100,4.61,overcast clouds,2021-11-29 09:47:00
349,Bukama,CD,-9.2,25.85,93.06,40,13,3.69,few clouds,2021-11-29 09:47:00
350,Sola,VU,-13.8833,167.55,82.08,75,99,10.18,overcast clouds,2021-11-29 09:47:01
351,Saskylakh,RU,71.9167,114.0833,-18.4,98,97,4.32,overcast clouds,2021-11-29 09:47:02
352,Itarema,BR,-2.9248,-39.9167,82.62,71,100,12.88,overcast clouds,2021-11-29 09:47:02
353,Grindavik,IS,63.8424,-22.4338,37.44,73,100,13.02,light rain,2021-11-29 09:47:03
354,Alofi,NU,-19.0595,-169.9187,77.09,61,26,15.3,scattered clouds,2021-11-29 09:47:03
355,Concepcion Del Oro,MX,24.6333,-101.4167,47.57,75,63,2.26,broken clouds,2021-11-29 09:47:03
356,Sao Joao Da Barra,BR,-21.6403,-41.0511,73.72,84,16,5.39,few clouds,2021-11-29 09:47:04
357,Nador,MA,35.174,-2.9287,60.66,60,10,21.72,clear sky,2021-11-29 09:44:25
358,Tairua,NZ,-37.0167,175.85,62.96,83,75,5.82,broken clouds,2021-11-29 09:47:05
359,Kutum,SD,14.2,24.6667,84.07,19,6,11.12,clear sky,2021-11-29 09:47:06
360,Coquimbo,CL,-29.9533,-71.3436,58.64,82,0,2.75,clear sky,2021-11-29 09:47:06
361,Erzin,TR,36.9559,36.2,70.16,48,98,2.93,overcast clouds,2021-11-29 09:47:07
362,La Ronge,CA,55.1001,-105.2842,29.19,91,38,8.81,scattered clouds,2021-11-29 09:47:08
363,Tabou,CI,4.423,-7.3528,83.26,73,72,3.49,light rain,2021-11-29 09:47:08
364,Zheleznodorozhnyy,RU,55.7503,38.0042,38.46,95,100,8.41,overcast clouds,2021-11-29 09:47:08
365,Quthing,LS,-30.4,27.7003,75.13,22,0,12.84,clear sky,2021-11-29 09:47:09
366,Luderitz,NA,-26.6481,15.1594,72.45,60,0,15.12,clear sky,2021-11-29 09:48:09
367,Adwa,ET,14.1646,38.8955,76.93,24,3,20.83,clear sky,2021-11-29 09:48:10
368,Urucara,BR,-2.5364,-57.76,73.56,96,56,2.15,broken clouds,2021-11-29 09:48:11
369,Marawi,PH,7.9986,124.2928,70.66,95,92,2.01,overcast clouds,2021-11-29 09:48:11
370,Bull Savanna,JM,17.8868,-77.5902,71.01,82,88,4.88,overcast clouds,2021-11-29 09:48:11
371,Sargur,IN,11.9833,76.4167,78.37,75,100,10.36,overcast clouds,2021-11-29 09:48:12
372,Svetlogorsk,BY,52.6333,29.7333,45.7,93,100,11.3,overcast clouds,2021-11-29 09:48:12
373,Mehamn,NO,71.0357,27.8492,9.12,91,79,7.76,broken clouds,2021-11-29 09:48:13
374,Agropoli,IT,40.3469,14.9966,49.89,87,100,12.08,overcast clouds,2021-11-29 09:48:13
375,La Asuncion,VE,11.0333,-63.8628,77.67,84,95,10.71,overcast clouds,2021-11-29 09:48:14
376,Saint George,US,37.1041,-113.5841,53.46,35,0,3.13,clear sky,2021-11-29 09:44:10
377,Jinan,CN,36.6683,116.9972,48.15,91,100,8.97,overcast clouds,2021-11-29 09:45:47
378,Gigmoto,PH,13.7796,124.39,79.45,88,91,4.99,overcast clouds,2021-11-29 09:48:15
379,Alto Piquiri,BR,-24.0281,-53.4406,68.49,94,99,4.5,overcast clouds,2021-11-29 09:48:15
380,Svetlyy,RU,54.675,20.1347,34.59,99,100,13.58,moderate rain,2021-11-29 09:48:15
381,Abancay,PE,-13.6339,-72.8814,56.8,91,100,0.96,overcast clouds,2021-11-29 09:48:16
382,Rio Tinto,PT,41.1826,-8.5581,54.88,79,59,7.99,broken clouds,2021-11-29 09:45:31
383,Omboue,GA,-1.5746,9.2618,82.54,77,99,7.31,light rain,2021-11-29 09:48:16
384,Nusaybin,TR,37.0778,41.2178,66.65,42,5,7.11,clear sky,2021-11-29 09:48:17
385,Tautira,PF,-17.7333,-149.15,79.34,81,77,16.46,light rain,2021-11-29 09:48:17
386,Springbok,ZA,-29.6643,17.8865,77.72,28,4,13.06,clear sky,2021-11-29 09:48:18
387,Winnemucca,US,40.973,-117.7357,46.62,42,9,4.16,clear sky,2021-11-29 09:48:14
388,Mahanoro,MG,-19.9,48.8,77.65,73,98,8.21,overcast clouds,2021-11-29 09:48:18
389,Pangnirtung,CA,66.1451,-65.7125,16.63,87,100,7.0,overcast clouds,2021-11-29 09:48:19
390,Benjamin Constant,BR,-4.3831,-70.0311,71.38,99,97,1.57,overcast clouds,2021-11-29 09:48:19
391,Senador Jose Porfirio,BR,-2.5908,-51.9542,75.29,89,100,3.13,overcast clouds,2021-11-29 09:48:19
392,Souillac,MU,-20.5167,57.5167,83.35,52,0,10.25,clear sky,2021-11-29 09:48:20
393,Arlit,NE,18.7369,7.3853,87.53,11,100,4.65,overcast clouds,2021-11-29 09:48:20
394,Salinopolis,BR,-0.6136,-47.3561,80.6,81,67,10.38,broken clouds,2021-11-29 09:48:21
395,Asekeyevo,RU,53.5742,52.7972,33.24,94,99,7.76,overcast clouds,2021-11-29 09:48:21
396,San Onofre,CO,9.7359,-75.5263,75.09,90,96,3.11,overcast clouds,2021-11-29 09:48:22
397,Champerico,GT,14.3,-91.9167,75.79,80,0,5.06,clear sky,2021-11-29 09:48:22
398,Bouna,CI,9.2667,-3.0,91.18,36,94,2.75,overcast clouds,2021-11-29 09:48:22
399,Moju,BR,-1.8839,-48.7689,75.04,96,93,2.62,overcast clouds,2021-11-29 09:48:23
400,Zhaozhou,CN,45.6833,125.3167,17.46,94,100,2.33,overcast clouds,2021-11-29 09:48:23
401,Ryotsu,JP,38.0833,138.4333,50.43,69,62,7.65,broken clouds,2021-11-29 09:48:24
402,Salalah,OM,17.0151,54.0924,89.08,31,0,14.0,clear sky,2021-11-29 09:48:24
403,Batemans Bay,AU,-35.7167,150.1833,59.5,78,81,1.68,broken clouds,2021-11-29 09:48:25
404,Hualmay,PE,-11.0964,-77.6139,64.65,88,99,7.27,overcast clouds,2021-11-29 09:48:26
405,Kupino,RU,54.3663,77.2981,13.26,83,100,7.7,overcast clouds,2021-11-29 09:48:26
406,Platanos,GR,37.6667,21.6167,57.85,83,100,20.58,overcast clouds,2021-11-29 09:48:27
407,Zhigansk,RU,66.7697,123.3711,-16.65,97,100,4.63,overcast clouds,2021-11-29 09:48:27
408,Tigil,RU,57.8,158.6667,10.47,95,100,5.14,overcast clouds,2021-11-29 09:48:28
409,Severnyy,RU,50.677,36.5532,48.63,92,100,12.62,overcast clouds,2021-11-29 09:48:28
410,Taoudenni,ML,22.6783,-3.9836,69.58,24,32,20.92,scattered clouds,2021-11-29 09:48:29
411,Gimli,CA,50.6336,-96.9907,25.77,87,100,9.01,overcast clouds,2021-11-29 09:48:29
412,Bosaso,SO,11.2842,49.1816,83.73,54,3,17.54,clear sky,2021-11-29 09:49:30
413,Valladolid,ES,41.5833,-4.6667,46.47,71,24,16.91,few clouds,2021-11-29 09:49:30
414,Tunceli,TR,39.1083,39.5471,55.58,68,45,0.54,scattered clouds,2021-11-29 09:49:30
415,Udachnyy,RU,66.4167,112.4,-30.5,100,93,3.62,overcast clouds,2021-11-29 09:49:31
416,Diffa,NE,13.3154,12.6113,89.38,12,21,11.54,few clouds,2021-11-29 09:49:31
417,Lons,FR,43.3167,-0.4,44.56,84,100,8.61,overcast clouds,2021-11-29 09:49:32
418,Bandarbeyla,SO,9.4942,50.8122,82.81,56,7,25.05,clear sky,2021-11-29 09:49:32
419,Isangel,VU,-19.55,169.2667,78.89,84,57,6.96,broken clouds,2021-11-29 09:49:33
420,Porto Franco,BR,-6.3383,-47.3992,76.95,82,100,4.38,overcast clouds,2021-11-29 09:49:33
421,Lalmohan,BD,22.3384,90.7419,77.56,47,43,8.28,scattered clouds,2021-11-29 09:49:34
422,Rabat,MA,33.9911,-6.8401,59.43,60,76,8.86,broken clouds,2021-11-29 09:45:00
423,Onguday,RU,50.75,86.15,18.3,90,45,1.95,scattered clouds,2021-11-29 09:49:34
424,Natal,BR,-5.795,-35.2094,82.6,68,79,11.16,broken clouds,2021-11-29 09:49:35
425,Sakakah,SA,29.9697,40.2064,75.18,21,1,0.67,clear sky,2021-11-29 09:47:04
426,San Cristobal,VE,7.7669,-72.225,65.37,94,91,2.15,overcast clouds,2021-11-29 09:49:35
427,Oktyabrskiy,RU,54.4815,53.471,33.28,97,100,7.43,overcast clouds,2021-11-29 09:49:36
428,Bambanglipuro,ID,-7.95,110.2833,80.74,70,38,6.6,scattered clouds,2021-11-29 09:49:36
429,Ambovombe,MG,-25.1667,46.0833,81.36,50,4,15.97,clear sky,2021-11-29 09:49:37
430,Qeshm,IR,26.9581,56.2719,78.04,59,0,8.68,clear sky,2021-11-29 09:49:37
431,Aberdeen,GB,57.1437,-2.0981,37.02,69,99,12.84,overcast clouds,2021-11-29 09:49:37
432,Portland,US,45.5234,-122.6762,52.9,94,100,4.12,overcast clouds,2021-11-29 09:45:22
433,Gizo,SB,-8.103,156.8419,83.82,73,100,4.72,light rain,2021-11-29 09:49:38
434,Nobeoka,JP,32.5833,131.6667,55.29,79,23,4.09,few clouds,2021-11-29 09:49:39
435,Dalbandin,PK,28.8947,64.4101,74.25,15,97,1.7,overcast clouds,2021-11-29 09:49:34
436,Levelland,US,33.5873,-102.378,44.49,48,0,9.35,clear sky,2021-11-29 09:49:39
437,Port Hawkesbury,CA,45.6169,-61.3485,34.79,72,18,3.27,few clouds,2021-11-29 09:49:40
438,Nantucket,US,41.2835,-70.0995,42.17,85,100,13.13,overcast clouds,2021-11-29 09:48:10
439,Prince Rupert,CA,54.3161,-130.3201,35.73,89,86,4.54,overcast clouds,2021-11-29 09:49:40
440,Paamiut,GL,61.994,-49.6678,33.69,97,98,22.35,light rain,2021-11-29 09:49:41
441,Liancheng,CN,24.0519,105.075,58.42,86,99,3.56,overcast clouds,2021-11-29 09:49:41
442,Khani,GE,41.9563,42.9566,63.45,46,38,2.77,scattered clouds,2021-11-29 09:49:42
443,Sal Rei,CV,16.1833,-22.9167,74.52,67,93,24.83,overcast clouds,2021-11-29 09:49:42
444,Port-Gentil,GA,-0.7193,8.7815,80.83,78,60,10.98,broken clouds,2021-11-29 09:49:43
445,Salta,AR,-24.7859,-65.4117,58.32,79,9,2.71,clear sky,2021-11-29 09:49:43
446,Kanniyakumari,IN,8.0833,77.5667,79.39,82,100,6.26,light rain,2021-11-29 09:49:43
447,Ouegoa,NC,-20.35,164.4333,80.33,78,29,7.92,scattered clouds,2021-11-29 09:49:44
448,Uusikaupunki,FI,60.8004,21.4084,24.94,75,91,9.24,overcast clouds,2021-11-29 09:49:44
449,Guiratinga,BR,-16.3494,-53.7583,72.84,92,100,1.03,overcast clouds,2021-11-29 09:49:45
450,Jaipur,IN,26.9167,75.8167,77.31,31,31,1.36,scattered clouds,2021-11-29 09:49:45
451,Yinchuan,CN,38.4681,106.2731,33.17,23,2,7.65,clear sky,2021-11-29 09:47:21
452,San Juan De Abajo,MX,20.8167,-105.1833,70.52,67,28,3.49,scattered clouds,2021-11-29 09:49:46
453,Darque,PT,41.6833,-8.7667,55.63,82,54,8.12,broken clouds,2021-11-29 09:49:46
454,Ahipara,NZ,-35.1667,173.1667,61.41,87,90,0.76,overcast clouds,2021-11-29 09:49:47
455,Tomino,ES,41.9877,-8.755,55.26,83,80,4.34,broken clouds,2021-11-29 09:48:24
456,Amapa,BR,1.0,-52.0,71.53,99,74,0.76,broken clouds,2021-11-29 09:49:48
457,Neuquen,AR,-38.9516,-68.0591,62.24,34,0,11.23,clear sky,2021-11-29 09:49:35
458,Castilho,BR,-20.8722,-51.4875,78.51,66,100,7.2,overcast clouds,2021-11-29 09:50:48
459,Yulara,AU,-25.2406,130.9889,85.51,17,5,1.66,clear sky,2021-11-29 09:50:49
460,Mapiripan,CO,2.8892,-72.1256,72.09,96,99,3.62,overcast clouds,2021-11-29 09:50:49
461,Sandpoint,US,48.2766,-116.5533,45.43,91,100,3.51,overcast clouds,2021-11-29 09:50:50
462,Sao Filipe,CV,14.8961,-24.4956,75.96,67,64,13.85,broken clouds,2021-11-29 09:50:50
463,Baie-Comeau,CA,49.2168,-68.1489,21.81,78,18,6.38,few clouds,2021-11-29 09:50:51
464,Gao,ML,16.6362,1.637,88.43,8,100,15.55,overcast clouds,2021-11-29 09:50:51
465,El Torno,BO,-17.9919,-63.3824,66.42,96,100,4.36,overcast clouds,2021-11-29 09:50:52
466,Cabadiangan,PH,9.7531,122.4739,79.57,87,90,6.17,overcast clouds,2021-11-29 09:50:52
467,Thoen,TH,17.6129,99.2161,80.64,72,80,2.42,broken clouds,2021-11-29 09:50:53
468,Ilulissat,GL,69.2167,-51.1,24.26,96,100,9.48,light snow,2021-11-29 09:50:53
469,Vieux Fort,LC,13.7167,-60.95,79.57,73,83,18.52,broken clouds,2021-11-29 09:50:53
470,Tiksi,RU,71.6872,128.8694,-19.57,100,81,6.55,broken clouds,2021-11-29 09:50:54
471,Tual,ID,-5.6667,132.75,84.22,69,100,3.13,overcast clouds,2021-11-29 09:50:54
472,Namibe,AO,-15.1961,12.1522,76.32,65,91,6.29,overcast clouds,2021-11-29 09:50:55
473,Aguazul,CO,5.1728,-72.5471,72.63,77,51,4.5,broken clouds,2021-11-29 09:50:55
474,Rapid Valley,US,44.0625,-103.1463,49.21,44,67,6.58,broken clouds,2021-11-29 09:50:56
475,Hutchinson,US,38.0608,-97.9298,44.46,50,12,8.32,few clouds,2021-11-29 09:48:57
476,Jabinyanah,TN,35.035,10.9081,56.25,47,0,32.37,clear sky,2021-11-29 09:50:57
477,Ahtopol,BG,42.1,27.95,67.77,64,17,26.04,few clouds,2021-11-29 09:50:57
478,Labuan,MY,5.2767,115.2417,82.8,69,100,4.23,overcast clouds,2021-11-29 09:50:57
479,Narsaq,GL,60.9167,-46.05,36.23,96,99,8.37,light rain,2021-11-29 09:50:58
480,Craig,US,40.5153,-107.5464,36.61,63,0,3.87,clear sky,2021-11-29 09:50:58
481,Whitianga,NZ,-36.8333,175.7,62.11,84,68,5.23,broken clouds,2021-11-29 09:50:59
482,Bolobo,CD,-2.1667,16.2333,87.04,57,100,2.82,light rain,2021-11-29 09:50:59
483,Comarapa,BO,-17.9,-64.4833,56.21,99,100,3.04,moderate rain,2021-11-29 09:51:00
484,Matipo,BR,-20.2839,-42.3411,69.75,84,45,1.36,scattered clouds,2021-11-29 09:51:00
485,Umtata,ZA,-31.5889,28.7844,80.92,38,0,8.43,clear sky,2021-11-29 09:51:01
486,Gamba,GA,-2.65,10.0,80.04,82,88,6.06,light rain,2021-11-29 09:51:01
487,Benemerito De Las Americas,MX,16.5167,-90.6439,66.16,99,84,2.44,broken clouds,2021-11-29 09:51:01
488,Bacolod,PH,10.6667,122.95,80.49,83,92,8.97,overcast clouds,2021-11-29 09:51:02
489,Arequipa,PE,-16.3989,-71.535,56.46,69,97,0.76,heavy intensity rain,2021-11-29 09:51:02
490,Camana,PE,-16.6228,-72.7111,64.92,86,99,4.81,overcast clouds,2021-11-29 09:51:03
491,Nkhotakota,MW,-12.9274,34.2961,85.62,45,6,4.09,clear sky,2021-11-29 09:51:03
492,West Bay,KY,19.3667,-81.4167,78.58,62,81,14.23,broken clouds,2021-11-29 09:51:03
493,Mandalgovi,MN,45.7625,106.2708,15.98,58,6,15.14,clear sky,2021-11-29 09:51:04
494,Balkanabat,TM,39.5108,54.3671,64.09,27,98,1.95,overcast clouds,2021-11-29 09:51:04
495,Puerto Baquerizo Moreno,EC,-0.9,-89.6,68.23,84,58,9.84,broken clouds,2021-11-29 09:51:05
496,Eregli,TR,37.5133,34.0467,72.07,25,100,15.88,overcast clouds,2021-11-29 09:51:05
497,Celestun,MX,20.8667,-90.4,74.35,83,96,6.08,overcast clouds,2021-11-29 09:51:06
498,Assiniboia,CA,49.6334,-105.9845,38.52,73,87,7.96,overcast clouds,2021-11-29 09:51:06
499,Waitati,NZ,-45.75,170.5667,56.52,88,34,3.06,scattered clouds,2021-11-29 09:51:06
500,San Vicente,AR,-26.6167,-54.1333,61.38,95,66,2.68,broken clouds,2021-11-29 09:51:07
501,Xai-Xai,MZ,-25.0519,33.6442,94.03,36,0,5.5,clear sky,2021-11-29 09:51:07
502,Abu Samrah,SY,35.3029,37.1841,68.02,45,50,3.76,scattered clouds,2021-11-29 09:51:08
503,Kushiro,JP,42.975,144.3747,45.46,83,65,15.12,broken clouds,2021-11-29 09:51:08
504,Viedma,AR,-40.8135,-62.9967,60.57,61,0,6.64,clear sky,2021-11-29 09:50:25
505,Motygino,RU,58.1831,94.7592,15.06,93,100,4.68,overcast clouds,2021-11-29 09:51:09
506,Paysandu,UY,-32.3214,-58.0756,62.19,88,80,14.5,broken clouds,2021-11-29 09:51:09
507,Port Hedland,AU,-20.3167,118.5667,85.51,64,0,17.11,clear sky,2021-11-29 09:52:10
508,Roseburg,US,43.2165,-123.3417,47.84,97,80,2.93,broken clouds,2021-11-29 09:52:10
509,Palora,EC,-1.7,-77.9333,63.9,97,100,3.06,light rain,2021-11-29 09:52:10
510,Anchorage,US,61.2181,-149.9003,-2.2,92,95,4.54,overcast clouds,2021-11-29 09:47:39
511,Mao,ES,39.8885,4.2658,51.82,45,5,30.15,clear sky,2021-11-29 09:52:11
512,Kieta,PG,-6.2167,155.6333,80.91,80,100,2.35,overcast clouds,2021-11-29 09:52:12
513,Meadow Lake,US,34.8014,-106.5436,42.12,40,0,4.9,clear sky,2021-11-29 09:50:17
514,Talaya,RU,61.3833,152.75,-15.56,99,100,4.45,overcast clouds,2021-11-29 09:52:12
515,Dwarka,IN,22.2394,68.9678,84.54,35,68,14.41,broken clouds,2021-11-29 09:52:13
516,Nakhon Thai,TH,17.1006,100.8374,78.94,72,90,1.57,overcast clouds,2021-11-29 09:52:13
517,Touros,BR,-5.1989,-35.4608,82.94,69,83,13.56,broken clouds,2021-11-29 09:52:13
518,Sibolga,ID,1.7427,98.7792,79.83,82,63,3.15,broken clouds,2021-11-29 09:52:14
519,Jalu,LY,29.0331,21.5482,82.69,15,100,11.79,overcast clouds,2021-11-29 09:52:14
520,Port Moresby,PG,-9.4431,147.1797,78.42,91,100,9.95,moderate rain,2021-11-29 09:52:15
521,Tromso,NO,69.6496,18.957,23.4,90,100,14.27,overcast clouds,2021-11-29 09:52:15
522,Richards Bay,ZA,-28.783,32.0377,81.43,63,68,13.11,broken clouds,2021-11-29 09:52:16
523,Aripuana,BR,-9.1667,-60.6333,72.45,95,99,0.85,overcast clouds,2021-11-29 09:52:16
524,Norden,DE,53.6,7.2,43.54,70,98,10.13,overcast clouds,2021-11-29 09:52:17
525,Cabedelo,BR,-6.9811,-34.8339,81.99,71,80,12.28,broken clouds,2021-11-29 09:52:17
526,Lujan,AR,-34.5703,-59.105,60.04,92,100,14.34,overcast clouds,2021-11-29 09:52:18
527,Klaksvik,FO,62.2266,-6.589,41.32,95,81,32.66,broken clouds,2021-11-29 09:52:18
528,Diego De Almagro,CL,-26.3667,-70.05,54.46,63,0,1.34,clear sky,2021-11-29 09:52:18
529,Tagana-An,PH,9.6972,125.5856,80.56,84,21,7.31,few clouds,2021-11-29 09:52:19
530,Macamic,CA,48.7502,-78.9996,16.66,97,97,3.94,overcast clouds,2021-11-29 09:52:19
531,Shubarshi,KZ,48.5872,57.1869,29.75,76,2,3.31,clear sky,2021-11-29 09:52:20
532,Olafsvik,IS,64.8945,-23.7142,34.12,75,100,20.18,light snow,2021-11-29 09:52:20
533,Lima,PE,-12.0432,-77.0282,63.72,86,99,5.5,overcast clouds,2021-11-29 09:49:38
534,Aksu,CN,41.1231,80.2644,35.47,33,1,3.65,clear sky,2021-11-29 09:52:21
535,Fort Nelson,CA,58.8053,-122.7002,-3.35,98,62,3.4,broken clouds,2021-11-29 09:52:21
536,Zabaykalsk,RU,49.6333,117.3167,5.7,95,62,7.47,broken clouds,2021-11-29 09:52:22
537,Revda,RU,56.801,59.9303,29.59,91,94,8.95,overcast clouds,2021-11-29 09:52:22
538,Manado,ID,1.487,124.8455,77.77,89,100,5.61,light rain,2021-11-29 09:52:23
539,Haines Junction,CA,60.7522,-137.5108,-12.86,100,99,2.44,overcast clouds,2021-11-29 09:52:23
540,Nedjo,ET,9.5046,35.5019,78.21,36,7,2.8,clear sky,2021-11-29 09:52:24
541,Eirunepe,BR,-6.6603,-69.8736,72.32,99,100,1.05,overcast clouds,2021-11-29 09:47:57
542,Cervo,ES,43.6702,-7.4101,55.06,79,99,13.42,overcast clouds,2021-11-29 09:52:25
543,Saint-Georges,GD,12.0564,-61.7485,79.72,77,95,14.36,overcast clouds,2021-11-29 09:52:25
544,Quelimane,MZ,-17.8786,36.8883,89.44,35,0,7.54,clear sky,2021-11-29 09:52:26
545,Ormara,PK,25.2088,64.6357,78.6,40,0,8.48,clear sky,2021-11-29 09:52:26
546,Los Altos,US,37.3852,-122.1141,57.51,62,0,1.68,clear sky,2021-11-29 09:52:27
547,Macae,BR,-22.3708,-41.7869,72.84,85,9,6.35,clear sky,2021-11-29 09:51:59
548,Riosucio,CO,5.4216,-75.7032,58.03,99,99,0.31,overcast clouds,2021-11-29 09:52:27
549,Huainan,CN,32.6264,116.9969,57.78,51,98,11.43,overcast clouds,2021-11-29 09:52:28
550,Kabare,CD,-2.4683,28.8242,73.51,71,100,3.02,light rain,2021-11-29 09:52:28
551,Lishu,CN,43.3047,124.3278,25.7,83,100,4.38,snow,2021-11-29 09:52:29
552,Buraydah,SA,26.326,43.975,76.57,21,0,3.87,clear sky,2021-11-29 09:52:29
553,Newport,GB,51.5877,-2.9984,39.02,67,100,2.44,overcast clouds,2021-11-29 09:52:29
554,Lixourion,GR,38.2019,20.4314,60.51,61,84,33.22,broken clouds,2021-11-29 09:53:30
555,Chuy,UY,-33.6971,-53.4616,62.11,95,88,9.28,overcast clouds,2021-11-29 09:53:30
556,Porto Novo,BJ,6.4965,2.6036,88.05,59,84,5.23,broken clouds,2021-11-29 09:53:31
557,Polyarnyy,RU,69.1989,33.4478,9.68,92,99,15.05,overcast clouds,2021-11-29 09:53:31
558,Northam,GB,51.0333,-4.2167,41.76,73,100,2.06,overcast clouds,2021-11-29 09:53:32
559,Beatrice,US,40.2681,-96.747,41.61,61,4,8.39,clear sky,2021-11-29 09:53:32
560,Shimoda,JP,34.6667,138.95,54.14,74,47,8.7,scattered clouds,2021-11-29 09:53:32
561,Anzio,IT,41.4853,12.6179,52.41,64,96,18.23,light rain,2021-11-29 09:53:33
562,Muros,ES,42.7762,-9.0603,55.26,79,57,9.37,broken clouds,2021-11-29 09:53:33
563,Flinders,AU,-34.5833,150.8552,62.06,80,54,4.32,broken clouds,2021-11-29 09:53:34
564,Oyama,JP,36.3,139.8,49.89,40,79,3.15,broken clouds,2021-11-29 09:53:34
565,Matay,EG,28.419,30.7792,89.4,12,62,5.06,broken clouds,2021-11-29 09:53:35
566,Camacha,PT,33.0833,-16.3333,62.01,67,71,16.84,broken clouds,2021-11-29 09:53:35
567,Inuvik,CA,68.3499,-133.7218,-12.06,94,100,16.82,overcast clouds,2021-11-29 09:53:35
568,Whitehorse,CA,60.7161,-135.0538,2.48,94,35,3.94,scattered clouds,2021-11-29 09:53:36
569,Nome,US,64.5011,-165.4064,-19.48,93,8,4.76,clear sky,2021-11-29 09:53:36
570,Busca,IT,44.5181,7.4743,42.35,32,59,1.59,broken clouds,2021-11-29 09:53:37
571,Kyshtovka,RU,56.555,76.6271,17.47,85,99,9.53,overcast clouds,2021-11-29 09:53:37
572,Safaga,EG,26.7292,33.9365,83.44,38,2,9.04,clear sky,2021-11-29 09:53:38
573,Madimba,TZ,-10.4,40.3333,84.29,64,62,10.65,broken clouds,2021-11-29 09:53:38
574,Horsham,GB,51.064,-0.3272,35.58,77,48,7.63,scattered clouds,2021-11-29 09:53:38
575,Daoukro,CI,7.0591,-3.9631,85.6,59,100,2.91,overcast clouds,2021-11-29 09:53:39
576,Mecca,SA,21.4267,39.8261,94.1,18,0,7.76,clear sky,2021-11-29 09:49:59
577,Moses Lake,US,47.1301,-119.2781,50.79,77,100,8.52,overcast clouds,2021-11-29 09:53:39
578,Ternate,ID,0.8,127.4,82.22,75,70,5.32,broken clouds,2021-11-29 09:53:40
579,Makokou,GA,0.5738,12.8642,88.32,51,93,2.24,overcast clouds,2021-11-29 09:53:40
580,Wanaka,NZ,-44.7,169.15,58.5,73,8,1.21,clear sky,2021-11-29 09:53:41
581,Rexburg,US,43.826,-111.7897,32.79,73,100,3.13,overcast clouds,2021-11-29 09:53:41
582,Alice Springs,AU,-23.7,133.8833,82.71,18,3,11.79,clear sky,2021-11-29 09:53:42
583,Utiel,ES,39.5667,-1.2,49.03,62,79,23.64,broken clouds,2021-11-29 09:53:42
584,Qaqortoq,GL,60.7167,-46.0333,37.36,91,98,15.41,overcast clouds,2021-11-29 09:53:42
585,Slave Lake,CA,55.2834,-114.769,36.52,72,2,11.18,clear sky,2021-11-29 09:53:43
586,Lubango,AO,-14.9172,13.4925,78.1,32,81,4.09,broken clouds,2021-11-29 09:53:43
587,Hun,LY,29.1268,15.9477,65.1,27,99,17.34,overcast clouds,2021-11-29 09:53:44
588,Teya,RU,60.3778,92.6267,3.49,97,71,3.56,broken clouds,2021-11-29 09:53:44
589,Hammerfest,NO,70.6634,23.6821,16.29,83,60,13.73,broken clouds,2021-11-29 09:53:45
590,Kamina,CD,-8.7386,24.9906,79.47,64,58,3.22,light rain,2021-11-29 09:53:45
591,Haverfordwest,GB,51.8017,-4.9691,43.21,77,100,2.73,overcast clouds,2021-11-29 09:53:46
592,Miram Shah,PK,33.0086,70.0697,65.95,25,38,4.07,scattered clouds,2021-11-29 09:53:46
593,Sault Sainte Marie,CA,46.5168,-84.3333,22.46,97,95,1.95,light snow,2021-11-29 09:53:43
594,Nemuro,JP,43.3236,145.575,46.85,79,50,19.82,scattered clouds,2021-11-29 09:53:47
595,Hofn,IS,64.2539,-15.2082,33.44,67,79,15.77,broken clouds,2021-11-29 09:53:47
596,Polunochnoye,RU,60.8697,60.4153,32.68,82,100,10.25,overcast clouds,2021-11-29 09:53:47
597,Kunming,CN,25.0389,102.7183,58.39,59,76,3.44,broken clouds,2021-11-29 09:51:53
598,Uray,RU,60.1247,64.7758,28.76,90,84,12.33,broken clouds,2021-11-29 09:53:48
599,Nicoya,CR,10.1483,-85.452,72.79,84,80,4.79,broken clouds,2021-11-29 09:53:48
600,Sao Jose Da Coroa Grande,BR,-8.8978,-35.1478,81.34,73,99,10.78,overcast clouds,2021-11-29 09:53:49
601,Kalakamati,BW,-20.5929,27.3121,92.59,21,55,6.93,broken clouds,2021-11-29 09:53:49
602,Ikalamavony,MG,-21.15,46.5833,89.11,32,13,8.97,few clouds,2021-11-29 09:54:50
603,Uvarovka,RU,55.5278,35.6061,38.39,95,100,7.29,overcast clouds,2021-11-29 09:54:50
604,Huarmey,PE,-10.0681,-78.1522,65.35,88,100,6.58,overcast clouds,2021-11-29 09:54:51
605,Cakovec,HR,46.3844,16.4339,38.05,81,92,3.62,overcast clouds,2021-11-29 09:54:51
606,Ust-Omchug,RU,61.15,149.6333,-15.05,98,100,6.73,overcast clouds,2021-11-29 09:54:51
607,Windsor,CA,42.3001,-83.0165,29.12,89,8,6.31,clear sky,2021-11-29 09:51:21
608,Emerald,AU,-23.5333,148.1667,75.16,83,100,13.24,light rain,2021-11-29 09:53:22
609,Punta Alta,AR,-38.8759,-62.0736,59.86,85,7,4.43,clear sky,2021-11-29 09:54:52
610,Boca Do Acre,BR,-8.7522,-67.3978,73.44,92,100,2.21,overcast clouds,2021-11-29 09:54:53
611,Soni,TZ,-4.85,38.3667,79.18,51,59,4.56,light rain,2021-11-29 09:54:53
612,Tura,IN,25.5198,90.2201,71.33,63,18,3.53,few clouds,2021-11-29 09:54:53
613,Yuzhno-Kurilsk,RU,44.0306,145.8556,43.25,81,36,12.5,scattered clouds,2021-11-29 09:54:54
614,Bonfim,BR,3.0833,-59.95,74.12,85,87,8.59,overcast clouds,2021-11-29 09:54:54
615,Vanimo,PG,-2.6741,141.3028,79.97,81,100,2.37,overcast clouds,2021-11-29 09:54:55
616,Bereda,ES,43.2686,-7.5406,48.7,93,99,3.47,overcast clouds,2021-11-29 09:54:55
617,Tilichiki,RU,60.4667,166.1,27.5,81,100,21.23,overcast clouds,2021-11-29 09:54:56
618,Zaranj,AF,30.9667,61.8833,71.35,18,98,0.96,overcast clouds,2021-11-29 09:54:47
619,Tecpan,GT,14.7623,-90.9947,43.61,95,36,6.22,scattered clouds,2021-11-29 09:54:56
620,Burnie,AU,-41.0667,145.9167,52.95,80,24,4.34,few clouds,2021-11-29 09:54:57
621,Angoche,MZ,-16.2325,39.9086,85.17,51,3,10.71,clear sky,2021-11-29 09:54:57
622,Arrecife,ES,28.963,-13.5477,65.46,62,1,27.92,clear sky,2021-11-29 09:54:57
623,Meridian,US,43.6121,-116.3915,42.13,63,26,1.1,scattered clouds,2021-11-29 09:54:58
624,Finschhafen,PG,-6.6024,147.8681,80.65,82,93,3.0,overcast clouds,2021-11-29 09:54:58
625,Martil,MA,35.6166,-5.2752,57.76,72,85,12.93,overcast clouds,2021-11-29 09:54:59
626,Dickinson,US,29.4608,-95.0513,52.75,86,35,5.37,scattered clouds,2021-11-29 09:54:59
627,Belle Fourche,US,44.6714,-103.8522,51.64,42,74,9.62,broken clouds,2021-11-29 09:54:59
628,Boa Vista,BR,2.8197,-60.6733,74.86,80,98,10.04,overcast clouds,2021-11-29 09:55:00
629,Ilek,RU,51.5271,53.3831,33.06,85,89,6.17,overcast clouds,2021-11-29 09:55:00
630,Labuhan,ID,-6.8844,112.2051,81.03,79,79,3.4,broken clouds,2021-11-29 09:55:01
631,Tezu,IN,27.9167,96.1667,70.99,51,0,1.28,clear sky,2021-11-29 09:55:01
632,Igarka,RU,67.4667,86.5833,-18.4,99,100,8.59,overcast clouds,2021-11-29 09:55:02
633,Coihaique,CL,-45.5752,-72.0662,43.81,96,100,6.49,overcast clouds,2021-11-29 09:55:02
634,Gravdal,NO,68.1214,13.5031,32.97,51,100,13.42,light snow,2021-11-29 09:55:03
635,Poso,ID,-1.3959,120.7524,76.6,93,98,1.99,overcast clouds,2021-11-29 09:55:03
636,Marystown,CA,47.1666,-55.1483,41.18,86,52,9.33,broken clouds,2021-11-29 09:55:04
637,Ihosy,MG,-22.4,46.1167,92.17,26,3,6.42,clear sky,2021-11-29 09:55:04
638,Lagoa,PT,39.05,-27.9833,60.19,56,100,1.57,overcast clouds,2021-11-29 09:55:05
639,Kuytun,RU,54.3419,101.5036,21.43,80,100,10.49,overcast clouds,2021-11-29 09:55:05
640,Bam,IR,29.106,58.357,71.82,20,34,7.54,scattered clouds,2021-11-29 09:55:05
641,Bardiyah,LY,31.7561,25.0865,79.88,28,100,20.4,overcast clouds,2021-11-29 09:55:06
642,Tongliao,CN,43.6125,122.2653,23.36,89,100,1.79,overcast clouds,2021-11-29 09:55:06
643,Vila Velha,BR,-20.3297,-40.2925,74.89,84,9,2.89,clear sky,2021-11-29 09:52:03
644,Soyo,AO,-6.1349,12.3689,81.18,77,90,3.53,overcast clouds,2021-11-29 09:55:07
645,Valdemarpils,LV,57.3707,22.5919,33.55,87,100,12.01,overcast clouds,2021-11-29 09:55:07
646,Nanga Eboko,CM,4.6833,12.3667,88.16,36,21,2.73,few clouds,2021-11-29 09:55:08
647,Chone,EC,-0.6833,-80.1,73.67,82,100,0.54,overcast clouds,2021-11-29 09:55:08
648,Luoyang,CN,34.6836,112.4536,46.92,38,94,21.07,overcast clouds,2021-11-29 09:55:09
649,Archidona,ES,37.0965,-4.3887,45.19,86,100,6.87,overcast clouds,2021-11-29 09:55:09
650,Novoagansk,RU,61.9449,76.6625,23.58,95,100,13.69,snow,2021-11-29 09:55:10
651,Follonica,IT,42.9263,10.7616,47.82,68,100,10.45,overcast clouds,2021-11-29 09:56:10
652,Toguchin,RU,55.2353,84.3858,15.03,92,100,6.08,overcast clouds,2021-11-29 09:54:22
653,Lebedinyy,RU,58.5167,125.5167,-3.21,86,100,7.11,overcast clouds,2021-11-29 09:56:11
654,Divnomorskoye,RU,44.5011,38.1353,61.25,73,87,25.81,overcast clouds,2021-11-29 09:56:11
655,Thessalon,CA,46.2501,-83.5666,24.69,86,68,4.38,broken clouds,2021-11-29 09:56:12
656,Elk City,US,35.412,-99.4043,45.57,48,0,9.37,clear sky,2021-11-29 09:56:12
657,Neiafu,TO,-18.65,-173.9833,79.41,61,31,17.38,scattered clouds,2021-11-29 09:56:13
658,Banbury,GB,52.0602,-1.3403,32.81,86,83,5.17,broken clouds,2021-11-29 09:56:13
659,Herat,AF,34.5,62.0,63.91,25,73,15.79,broken clouds,2021-11-29 09:51:57
660,Saint-Francois,FR,46.4154,3.9054,32.32,95,100,8.39,overcast clouds,2021-11-29 09:56:14
661,Doctor Arroyo,MX,23.6667,-100.1833,53.33,89,100,4.05,overcast clouds,2021-11-29 09:56:14
662,Wanning,CN,18.8003,110.3967,74.64,75,87,13.82,overcast clouds,2021-11-29 09:56:15
663,Leh,IN,34.1667,77.5833,23.72,55,46,1.61,scattered clouds,2021-11-29 09:56:15
664,Popondetta,PG,-8.7537,148.2534,75.87,97,100,3.0,light rain,2021-11-29 09:56:15
665,Krasnokamensk,RU,50.0979,118.0369,4.15,96,78,5.59,broken clouds,2021-11-29 09:56:16
666,Oksovskiy,RU,62.6062,39.8984,9.9,92,92,2.86,overcast clouds,2021-11-29 09:56:16
667,Mosquera,CO,4.7059,-74.2302,48.02,88,89,4.99,overcast clouds,2021-11-29 09:52:06
668,Lesnyye Polyany,RU,55.9667,37.8667,38.05,95,100,9.1,overcast clouds,2021-11-29 09:56:17
669,Tocopilla,CL,-22.092,-70.1979,62.28,75,67,1.72,broken clouds,2021-11-29 09:56:17
670,Kenai,US,60.5544,-151.2583,3.69,96,100,10.45,overcast clouds,2021-11-29 09:56:18
671,Bama,NG,11.5221,13.6856,93.06,10,12,10.16,few clouds,2021-11-29 09:56:18
672,Nabire,ID,-3.3667,135.4833,79.45,86,100,2.64,overcast clouds,2021-11-29 09:56:19
673,Raudeberg,NO,61.9875,5.1352,34.84,70,100,18.68,light rain,2021-11-29 09:56:19
674,Mut,TR,36.6439,33.4389,69.44,48,98,6.11,overcast clouds,2021-11-29 09:56:20
675,Sabaudia,IT,41.3003,13.0282,51.6,70,95,14.09,light rain,2021-11-29 09:56:20
676,Talakan,RU,50.3167,130.3667,-4.88,100,57,1.61,broken clouds,2021-11-29 09:56:21
677,Askino,RU,56.0901,56.5783,28.69,96,99,10.29,overcast clouds,2021-11-29 09:56:21
678,Killam,CA,52.7834,-111.8518,34.77,89,83,6.46,broken clouds,2021-11-29 09:56:21
